Date,Open,High,Low,Close,Adj Close,Volume
1/1/2015,99.599998,101.849998,98.699997,100.099998,99.642296,1282669
1/2/2015,100.199997,102.449997,98.400002,98.900002,98.447784,1947900
1/5/2015,99.349998,100.900002,97.75,98.050003,97.601677,952712
1/6/2015,98,98,93.300003,93.949997,93.520416,885552
1/7/2015,94.699997,94.699997,91,93,92.57476,975320
1/8/2015,94.449997,96.300003,94.300003,94.800003,94.366531,760758
1/9/2015,95.699997,96.699997,94.050003,94.400002,93.968361,452392
1/12/2015,94.449997,98.550003,93.099998,96.5,96.058762,1047452
1/13/2015,97.400002,98.199997,94.550003,95.050003,94.615395,782530
1/14/2015,95.900002,103.400002,95.900002,100.099998,99.642296,3887112
1/15/2015,101,101.699997,97.349998,99.75,99.2939,1619302
1/16/2015,99.75,103.25,99.75,100.849998,100.38887,1921311
1/19/2015,101.699997,104,100.75,101.800003,101.334526,1308198
1/20/2015,102.300003,104.800003,99.550003,100.5,100.040466,3397207
1/21/2015,101.400002,102.199997,98.550003,99,98.547325,1052653
1/22/2015,99.150002,100.550003,97.650002,98.050003,97.601677,677480
1/23/2015,99,99.25,95.849998,96.550003,96.108536,652508
1/27/2015,97.199997,100.150002,96.449997,99.599998,99.144585,1002445
1/28/2015,100,103.300003,98.349998,99.25,98.796181,2365307
1/29/2015,99,102.25,97.550003,98.099998,97.651443,1138141
1/30/2015,98.699997,99,94.550003,95.050003,94.615395,832121
2/2/2015,94.849998,96.050003,93.699997,93.949997,93.520416,715494
2/3/2015,94.400002,96.400002,93.650002,94.150002,93.719505,647301
2/4/2015,94.400002,95.400002,93.25,93.75,93.321335,498893
2/5/2015,93.800003,94.099998,91.199997,92,91.579338,484347
2/6/2015,91.800003,93.25,90,90.25,89.837334,572366
2/9/2015,89.599998,89.599998,86.5,87.150002,86.751511,560699
2/10/2015,86.5,89.75,81.550003,82.050003,81.674835,1237970
2/11/2015,83,84.900002,81.199997,83.550003,83.167976,1783360
2/12/2015,84.199997,84.949997,83.5,83.949997,83.566139,1057885
2/13/2015,84.699997,88.900002,84.599998,87.150002,86.751511,2265620
2/16/2015,87.050003,88.400002,85.699997,86.199997,85.805855,773071
2/18/2015,86.5,86.5,84.300003,84.699997,84.312714,631073
2/19/2015,85,85.75,83.050003,83.550003,83.167976,760580
2/20/2015,83.449997,93.25,83.300003,91.650002,91.230934,3024750
2/23/2015,92.5,93.699997,89.150002,90.25,89.837334,1125162
2/24/2015,89.949997,89.949997,87.199997,87.900002,87.498085,568958
2/25/2015,88.199997,91.5,88,88.300003,87.896255,910880
2/26/2015,88.75,90.5,87.099998,89.400002,88.991226,767583
2/27/2015,89.949997,91.5,89.199997,89.949997,89.538704,737459
2/28/2015,null,null,null,89.949997,null,null
3/2/2015,91.849998,91.849998,89.150002,89.5,89.090767,576500
3/3/2015,89.800003,91.949997,88.800003,89.900002,89.488937,737044
3/4/2015,90.75,91.050003,87,87.699997,87.298996,517213
3/5/2015,87,89.800003,86.400002,87.050003,86.65197,624358
3/9/2015,86.599998,87.150002,82.050003,85.150002,84.760658,443240
3/10/2015,85.050003,86.900002,83.5,84.5,84.113625,625159
3/11/2015,84.400002,87.550003,83.949997,85.199997,84.810425,562991
3/12/2015,85.650002,87,85.300003,85.949997,85.556992,424191
3/13/2015,86.699997,86.800003,83.099998,83.5,83.118202,345820
3/16/2015,83.5,83.699997,82.050003,82.400002,82.023232,286879
3/17/2015,83,84.5,81.900002,82.849998,82.471169,343071
3/18/2015,83,86.5,82.199997,84.300003,83.914543,1088782
3/19/2015,84.099998,86,81.949997,82.199997,81.824142,500758
3/20/2015,82.349998,83.25,79,79.349998,78.987175,668488
3/23/2015,79.849998,80.25,77.050003,77.5,77.145638,383659
3/24/2015,77.449997,79.199997,76.800003,77.150002,76.797234,418193
3/25/2015,77.400002,77.900002,74.550003,76.199997,75.851578,896248
3/26/2015,76.099998,78.25,75.5,76.449997,76.100433,474374
3/27/2015,77,77.699997,74.900002,76.5,76.150208,879335
3/30/2015,78,83.099998,77.650002,81.800003,81.42598,1142024
3/31/2015,82.25,86.199997,82.25,85,84.611343,1188070
4/1/2015,85.300003,86.75,84.800003,85.300003,84.909973,509391
4/6/2015,85.949997,86.699997,85.199997,86,85.606766,410702
4/7/2015,86.400002,88.400002,85.550003,87.800003,87.398544,1319780
4/8/2015,88.349998,92.449997,88,91.199997,90.78299,1708813
4/9/2015,92.400002,94.25,89.5,90.400002,89.986649,1251409
4/10/2015,90.550003,93.400002,89.150002,91.400002,90.982079,1229870
4/13/2015,91.5,94,91.5,93.550003,93.122253,1372957
4/15/2015,94.5,94.550003,91,91.550003,91.131393,901550
4/16/2015,91.75,92.25,88.300003,88.75,88.344193,427586
4/17/2015,89.349998,89.349998,85.650002,87.25,86.851051,347477
4/20/2015,87.599998,87.800003,82.699997,84.949997,84.561569,425506
4/21/2015,85.400002,86.300003,84.099998,84.849998,84.462029,290309
4/22/2015,85,87.449997,83.800003,86,85.606766,277091
4/23/2015,86.699997,88.5,85.099998,87.900002,87.498085,541755
4/24/2015,87.900002,88.75,83.099998,83.900002,83.516373,474961
4/27/2015,85.300003,86.5,82,82.150002,81.774376,438576
4/28/2015,82.150002,84.25,80.5,83.5,83.118202,345919
4/29/2015,88.699997,89.599998,85.800003,87.099998,86.701736,1384516
4/30/2015,87.300003,88.699997,85.5,86.5,86.104485,404424
5/4/2015,87.199997,88.150002,86.75,87.150002,86.751511,337634
5/5/2015,87.150002,92.599998,86.800003,91.150002,90.733223,1377188
5/6/2015,90.449997,92.300003,85.5,86.75,86.35334,1622200
5/7/2015,86.300003,87.599998,81.75,82.300003,81.923691,581536
5/8/2015,83.099998,85,82.699997,83.599998,83.217743,591782
5/11/2015,84.25,84.949997,83.5,84.25,83.864769,345132
5/12/2015,84.050003,84.300003,81.099998,81.699997,81.326431,272969
5/13/2015,82,83.949997,81.150002,82,81.625061,374087
5/14/2015,82.150002,82.400002,81,81.650002,81.276657,218641
5/15/2015,81.900002,84.449997,81.849998,83.800003,83.416832,411672
5/18/2015,83.949997,84.400002,83,83.449997,83.068428,283838
5/19/2015,83.550003,85.449997,82.949997,83.300003,82.919121,472347
5/20/2015,83.699997,84.800003,83.599998,83.900002,83.516373,302292
5/21/2015,84.400002,84.400002,81.550003,83.300003,82.919121,190649
5/22/2015,83,84.300003,82.150002,83.800003,83.416832,280291
5/25/2015,84.300003,84.300003,83.199997,83.599998,83.217743,224891
5/26/2015,84.400002,84.400002,83.150002,83.650002,83.267517,174797
5/27/2015,83.199997,83.550003,82.900002,83.199997,82.819572,163310
5/28/2015,83.349998,84.650002,83.099998,83.849998,83.466599,161214
5/29/2015,84.199997,84.5,83.550003,84,83.615913,170804
6/1/2015,84.199997,88.900002,83.400002,85.949997,85.556992,658330
6/2/2015,86.199997,88.949997,84.400002,84.800003,84.412262,656337
6/3/2015,84.949997,85.800003,79.400002,82.099998,81.724602,501549
6/4/2015,82.5,83.349998,80.150002,81,80.629631,313396
6/5/2015,81.25,87.400002,80.849998,83.599998,83.217743,1524086
6/8/2015,83.75,85.150002,82.449997,82.800003,82.421402,387072
6/9/2015,82.449997,84.150002,81.599998,83.25,82.869347,287437
6/10/2015,83.400002,87.5,82.699997,86.099998,85.706314,551652
6/11/2015,86.800003,87.900002,84.25,86.5,86.104485,523317
6/12/2015,86,90.199997,84.849998,89.199997,88.792137,787229
6/15/2015,89.699997,89.699997,87.099998,88.849998,88.443733,348353
6/16/2015,88,90.400002,86.599998,89.25,88.841911,370554
6/17/2015,89.400002,92.699997,88,91.699997,91.280701,1005387
6/18/2015,92.400002,97.25,91.5,96.550003,96.108536,1476140
6/19/2015,96.949997,97.400002,94.5,95.150002,94.714935,633286
6/22/2015,95.150002,96,94.699997,95.150002,94.714935,369546
6/23/2015,95.5,100.5,94.5,98.300003,97.850533,1485520
6/24/2015,98.699997,99.800003,95.199997,96.349998,95.909439,566774
6/25/2015,96.599998,100.099998,95.150002,99.5,99.045044,746039
6/26/2015,99.800003,101.900002,97.099998,99.650002,99.194359,1195392
6/29/2015,95.099998,96.800003,93.5,96.400002,95.959221,392882
6/30/2015,96.900002,101,96.75,99.099998,98.646866,785485
7/1/2015,98,102,98,99.949997,99.492981,906416
7/2/2015,100.5,101.599998,99.099998,99.900002,99.443214,363803
7/3/2015,99.650002,100.699997,97.5,98.050003,97.601677,287849
7/6/2015,95.099998,99.900002,95.099998,99.25,98.796181,431772
7/7/2015,100,101.75,98.699997,99.650002,99.194359,656833
7/8/2015,98.400002,100.550003,97.199997,98.25,97.800758,470253
7/9/2015,99.699997,100.900002,98.099998,99.150002,98.69664,546165
7/10/2015,102.400002,104,100.199997,101,100.538185,1175737
7/13/2015,102.5,102.5,100,100.699997,100.239548,331395
7/14/2015,101.099998,104.800003,99,103.449997,102.976974,1213513
7/15/2015,103.300003,105.199997,101,101.550003,101.08567,753029
7/16/2015,101.849998,104,101.099998,101.849998,101.384293,440828
7/17/2015,103,108.400002,102.5,107.25,106.759605,2005228
7/20/2015,108,114.699997,107.599998,113.699997,113.180107,2670232
7/21/2015,114.449997,114.800003,108.349998,109.550003,109.049088,956917
7/22/2015,109,116.449997,107,115.099998,114.573708,1572007
7/23/2015,115.5,115.550003,111,111.449997,110.940399,744017
7/24/2015,111.449997,111.75,108.199997,109.349998,108.849998,500818
7/27/2015,109.699997,109.699997,104.5,105.849998,105.849998,348505
7/28/2015,106.349998,108.150002,103.5,106.300003,106.300003,463802
7/29/2015,107,109.800003,106.5,108.449997,108.449997,518142
7/30/2015,111.400002,113.900002,110.25,110.949997,110.949997,904144
7/31/2015,111.75,113.199997,108.199997,112.849998,112.849998,1501192
8/3/2015,112.949997,114.599998,110.349998,111.300003,111.300003,555940
8/4/2015,111.849998,114.400002,109.25,113.900002,113.900002,792647
8/5/2015,114.400002,115.75,110.699997,114.150002,114.150002,1069754
8/6/2015,111.550003,111.550003,105.800003,106.5,106.5,1003115
8/7/2015,107.349998,110.849998,106.25,109.75,109.75,711850
8/10/2015,110,110.800003,106.099998,107.150002,107.150002,390044
8/11/2015,108.550003,110.400002,106.199997,107.25,107.25,511538
8/12/2015,106.5,108.300003,103.300003,103.900002,103.900002,405742
8/13/2015,105,106.5,98,98.650002,98.650002,514426
8/14/2015,99.900002,102.800003,99,101.650002,101.650002,329265
8/17/2015,101.5,104.699997,99.25,102.550003,102.550003,328707
8/18/2015,102.849998,105.800003,102.050003,104.300003,104.300003,368873
8/19/2015,104.800003,104.800003,102.650002,103.199997,103.199997,192055
8/20/2015,102.949997,104.25,100,100.349998,100.349998,199861
8/21/2015,99,99,95.75,98.199997,98.199997,171599
8/24/2015,81,96.900002,81,93.949997,93.949997,975255
8/25/2015,94,96.099998,82.550003,89.400002,89.400002,1106777
8/26/2015,88.5,96.199997,87,92.300003,92.300003,839244
8/27/2015,93.900002,100.199997,93.900002,99.25,99.25,516263
8/28/2015,101.300003,108.150002,100,103.400002,103.400002,1522434
8/31/2015,103,106,101.099998,104.599998,104.599998,708869
9/1/2015,102.150002,106.199997,99.699997,100.349998,100.349998,488335
9/2/2015,102.050003,103.699997,99.5,100.050003,100.050003,329566
9/3/2015,101,102.699997,99.949997,100.099998,100.099998,361729
9/4/2015,100,100.150002,94.849998,96.25,96.25,423301
9/7/2015,96,97.800003,88.599998,89.349998,89.349998,485558
9/8/2015,90,93.849998,89,93.5,93.5,484492
9/9/2015,95.050003,97.25,94.199997,95.75,95.75,329962
9/10/2015,93.900002,94,90.050003,93.599998,93.599998,229356
9/11/2015,94.050003,100.900002,94.050003,99.449997,99.449997,867784
9/14/2015,99.5,100.75,99.300003,100.099998,100.099998,244208
9/15/2015,100.400002,100.550003,96.800003,99.5,99.5,156386
9/16/2015,99.5,99.900002,95,96.699997,96.699997,183608
9/18/2015,97.599998,100,97.550003,98.25,98.25,174990
9/21/2015,96.349998,99.25,96.349998,98.449997,98.449997,118080
9/22/2015,99.050003,103.449997,97.800003,98.75,98.75,409872
9/23/2015,96.349998,99.900002,96.349998,98.099998,98.099998,225817
9/24/2015,98.150002,99.25,97.199997,97.699997,97.699997,118927
9/28/2015,97.699997,98.800003,96.050003,96.400002,96.400002,108279
9/29/2015,95.699997,97.75,92.650002,93.650002,93.650002,201620
9/30/2015,94.199997,96.349998,93.75,94.699997,94.699997,250417
10/1/2015,95,96.699997,92.699997,93.849998,93.849998,382944
10/5/2015,94,95.349998,93.349998,93.800003,93.800003,536137
10/6/2015,94.150002,95.800003,92.449997,92.949997,92.949997,279901
10/7/2015,93.5,97.300003,93.099998,94.25,94.25,2418711
10/8/2015,94.800003,95.25,92.75,93.050003,93.050003,386234
10/9/2015,93.599998,95.650002,93.599998,94.150002,94.150002,484281
10/12/2015,94.699997,94.699997,91.5,91.800003,91.800003,337680
10/13/2015,92.150002,93.300003,91.5,92.5,92.5,210866
10/14/2015,92.199997,95.150002,92.199997,93.150002,93.150002,464759
10/15/2015,93.699997,95.199997,93.099998,93.550003,93.550003,490256
10/16/2015,93.849998,94.300003,93,93.400002,93.400002,223597
10/19/2015,93.25,94,92.5,92.75,92.75,159914
10/20/2015,93.349998,93.800003,92.25,92.599998,92.599998,191079
10/21/2015,92.900002,94.199997,92.25,93.25,93.25,402264
10/23/2015,93.75,94.300003,92.400002,92.800003,92.800003,386506
10/26/2015,93.849998,93.849998,91.599998,92.099998,92.099998,220322
10/27/2015,92.099998,92.349998,91.150002,91.400002,91.400002,118578
10/28/2015,91.699997,94.699997,90.650002,91.449997,91.449997,711603
10/29/2015,91.699997,93.25,90.300003,91,91,311070
10/30/2015,91.099998,92.599998,90.5,91.599998,91.599998,338414
11/2/2015,91.949997,91.949997,89.800003,90.650002,90.650002,185683
11/3/2015,91.400002,91.75,89.550003,89.900002,89.900002,159017
11/4/2015,90.599998,90.650002,87.650002,88,88,188341
11/5/2015,88.199997,88.949997,86.75,87.25,87.25,149213
11/6/2015,86.800003,86.800003,81,84.5,84.5,345082
11/9/2015,83.400002,84.400002,80,82.75,82.75,253533
11/10/2015,83,86.599998,82.5,82.949997,82.949997,384996
11/13/2015,87,87,83.050003,83.300003,83.300003,154722
11/16/2015,83.199997,90.449997,82.550003,89.050003,89.050003,931163
11/17/2015,89.800003,90.449997,87.5,89.800003,89.800003,478874
11/18/2015,89.25,91.900002,88,89.099998,89.099998,531564
11/19/2015,90,93.400002,89.449997,91,91,833169
11/20/2015,91.5,93.300003,90.75,91.199997,91.199997,467507
11/23/2015,91.650002,92,90.199997,90.5,90.5,363451
11/24/2015,87.599998,93.300003,87.599998,92.300003,92.300003,1244249
11/26/2015,92.550003,97.699997,92,94.849998,94.849998,1567690
11/27/2015,95.25,97.25,93.099998,94.550003,94.550003,1575616
11/30/2015,95.199997,96,94.199997,94.25,94.25,418582
12/1/2015,95,95.300003,92.349998,93,93,283949
12/2/2015,93.199997,93.900002,90.5,91.25,91.25,363944
12/3/2015,90.199997,94.300003,90.199997,91.699997,91.699997,606155
12/4/2015,91.25,94.650002,91,93.199997,93.199997,844464
12/7/2015,94,95.199997,92.099998,92.349998,92.349998,402139
12/8/2015,91.900002,92.5,87.050003,87.699997,87.699997,381031
12/9/2015,87.050003,87.050003,83.099998,84.150002,84.150002,434918
12/10/2015,85.25,86.550003,83.199997,85.650002,85.650002,506728
12/11/2015,85.5,87.199997,82.099998,85.050003,85.050003,2266154
12/14/2015,83.5,85.300003,81.349998,81.849998,81.849998,1125486
12/15/2015,82.199997,82.650002,81.099998,82.199997,82.199997,386652
12/16/2015,82.800003,83.900002,81.5,81.699997,81.699997,384115
12/17/2015,82,83.199997,81.349998,82,82,690402
12/18/2015,82.5,83.800003,81.25,82.400002,82.400002,1193843
12/21/2015,82.449997,83,81.599998,81.900002,81.900002,481298
12/22/2015,82,82.449997,80.5,80.75,80.75,346969
12/23/2015,81.400002,81.75,80.199997,80.550003,80.550003,347889
12/24/2015,80.900002,83.349998,80.5,82.349998,82.349998,561654
12/28/2015,82.599998,83.599998,81.550003,81.800003,81.800003,383124
12/29/2015,82.099998,82.349998,79.699997,80,80,539945
12/30/2015,80.5,80.699997,79.300003,79.900002,79.900002,281646
12/31/2015,80.099998,81.150002,79.5,79.75,79.75,247189
1/1/2016,80,80.949997,79.599998,80.050003,80.050003,285579
1/4/2016,80.849998,82.349998,80,81.800003,81.800003,590857
1/5/2016,82.699997,82.900002,81.800003,82.099998,82.099998,373839
1/6/2016,82.599998,83.900002,82,82.150002,82.150002,357025
1/7/2016,81.800003,81.949997,79.5,79.900002,79.900002,393160
1/8/2016,81.75,83.5,81.5,81.949997,81.949997,736039
1/11/2016,81.300003,81.550003,80,80.550003,80.550003,162105
1/12/2016,81,81.5,78,78.900002,78.900002,231592
1/13/2016,79.849998,79.949997,74,75.949997,75.949997,688746
1/14/2016,75.900002,75.900002,70.800003,71.400002,71.400002,655927
1/15/2016,72.099998,73.849998,64.599998,66.199997,66.199997,1467587
1/18/2016,66,68.599998,63.549999,64.25,64.25,696212
1/19/2016,64,67.900002,64,67.349998,67.349998,391699
1/20/2016,66.449997,66.449997,62.5,62.950001,62.950001,374990
1/21/2016,64.199997,65.699997,57.25,61.799999,61.799999,709387
1/22/2016,64.300003,64.300003,61.400002,63.349998,63.349998,365053
1/25/2016,65,66.300003,64.099998,65.300003,65.300003,780732
1/27/2016,66.599998,67.699997,64.699997,66.800003,66.800003,272692
1/28/2016,66.900002,69.349998,65.449997,68.199997,68.199997,267652
1/29/2016,68.949997,69.900002,67.75,68.300003,68.300003,283347
2/1/2016,69,69.900002,67.25,67.5,67.5,427954
2/2/2016,67.550003,68.900002,62.599998,64.099998,64.099998,313752
2/3/2016,63.099998,63.799999,56.5,58.299999,58.299999,1025678
2/4/2016,59.700001,60,56.5,56.950001,56.950001,534774
2/5/2016,57,57.799999,56.049999,56.75,56.75,657907
2/8/2016,56.900002,58.950001,56.200001,56.75,56.75,330763
2/9/2016,56.75,56.75,55.099998,55.650002,55.650002,251817
2/10/2016,55.799999,56,52.5,52.799999,52.799999,371139
2/11/2016,52.799999,53.400002,50.450001,51,51,351899
2/12/2016,53.5,53.5,48.5,51.599998,51.599998,672142
2/15/2016,52.099998,53.400002,51.650002,52.099998,52.099998,387781
2/16/2016,52.900002,53.700001,50,50.200001,50.200001,354861
2/17/2016,50.799999,51,48,49.900002,49.900002,293355
2/18/2016,50.200001,51.950001,50.099998,50.599998,50.599998,267878
2/19/2016,51.450001,51.450001,50,50.450001,50.450001,162625
2/22/2016,51,52,50.150002,51.549999,51.549999,229377
2/23/2016,51.799999,52.849998,50.650002,51,51,255337
2/24/2016,51,51.650002,50,50.700001,50.700001,200601
2/25/2016,50.950001,50.950001,48.549999,48.700001,48.700001,276556
2/26/2016,50.400002,50.5,49,49.349998,49.349998,250709
2/29/2016,49.549999,50,46,47.950001,47.950001,451239
3/1/2016,48.849998,51,48.799999,50.150002,50.150002,1344223
3/2/2016,50.75,51.950001,50.049999,50.200001,50.200001,1011360
3/3/2016,50.549999,58.400002,50.299999,57.549999,57.549999,3506838
3/4/2016,57.5,58.200001,55.099998,56.299999,56.299999,1399802
3/8/2016,56.549999,56.849998,53.5,54.650002,54.650002,805122
3/9/2016,54.75,57.349998,52.75,56.549999,56.549999,897947
3/10/2016,56.799999,57.700001,55.650002,55.900002,55.900002,486018
3/11/2016,55.5,57.700001,55.5,55.75,55.75,720363
3/14/2016,56.400002,57.200001,55.5,55.900002,55.900002,415187
3/15/2016,55.900002,56.400002,53.799999,54.049999,54.049999,416558
3/16/2016,54.450001,54.450001,52.049999,52.349998,52.349998,562541
3/17/2016,53,54.25,52.5,52.700001,52.700001,470048
3/18/2016,53,53.900002,52.049999,52.5,52.5,422205
3/21/2016,52.5,56.599998,52.5,55.549999,55.549999,720663
3/22/2016,55.349998,55.599998,54,54.799999,54.799999,566108
3/23/2016,54.799999,54.900002,52.75,53.200001,53.200001,549326
3/28/2016,53.400002,53.849998,50.349998,50.700001,50.700001,376990
3/29/2016,51,52.5,50,50.950001,50.950001,649269
3/30/2016,51.849998,52.700001,51.799999,52,52,599883
3/31/2016,52.400002,55.200001,51.700001,53.099998,53.099998,922697
4/1/2016,52.5,54.599998,52.5,53.900002,53.900002,311542
4/4/2016,54.349998,55.900002,54,54.799999,54.799999,565051
4/5/2016,54.349998,54.450001,52.400002,52.650002,52.650002,389579
4/6/2016,52.799999,54.450001,52.799999,53.799999,53.799999,322526
4/7/2016,54.650002,58.650002,53.950001,57.150002,57.150002,2605162
4/8/2016,57.200001,61.5,57.150002,60.400002,60.400002,1850779
4/11/2016,61.700001,62.75,60.549999,61.599998,61.599998,1906839
4/12/2016,61.950001,63.900002,61.049999,62.799999,62.799999,1442443
4/13/2016,63.700001,64.5,62.700001,62.950001,62.950001,1122573
4/18/2016,63.299999,63.950001,61.900002,63.099998,63.099998,616703
4/20/2016,63.5,64.400002,61.900002,62.950001,62.950001,1974012
4/21/2016,63.650002,64.400002,62.150002,62.549999,62.549999,720667
4/22/2016,62.950001,63.200001,61.349998,62,62,602925
4/25/2016,62.599998,63,61,62.549999,62.549999,535222
4/26/2016,63.200001,63.799999,62.200001,63.150002,63.150002,650317
4/27/2016,63.150002,64.5,60,61.099998,61.099998,1883439
4/28/2016,60.599998,61.099998,57.400002,57.650002,57.650002,1019446
4/29/2016,57.799999,57.799999,55.400002,56,56,796647
5/2/2016,55.950001,58.650002,55.25,57.400002,57.400002,731973
5/3/2016,57.799999,58.099998,56.099998,56.650002,56.650002,404707
5/4/2016,57.200001,57.200001,55,55.549999,55.549999,365639
5/5/2016,56,56.549999,54.099998,54.5,54.5,444833
5/6/2016,54.299999,54.599998,53.650002,53.950001,53.950001,252866
5/9/2016,54.450001,54.5,53.25,53.549999,53.549999,368307
5/10/2016,54.700001,55.599998,54,54.400002,54.400002,500021
5/11/2016,54.25,54.5,53.400002,53.75,53.75,334558
5/12/2016,54,58.599998,54,57.950001,57.950001,1147972
5/13/2016,57.849998,59.700001,55.950001,57.900002,57.900002,902804
5/16/2016,58.200001,59.299999,56.799999,58.950001,58.950001,567035
5/17/2016,58.200001,59.75,57.349998,57.849998,57.849998,470751
5/18/2016,57.099998,58.049999,57.099998,57.400002,57.400002,236023
5/19/2016,57.549999,61.299999,56.400002,59.049999,59.049999,3191396
5/20/2016,59.450001,61.75,58.099998,58.650002,58.650002,3115324
5/23/2016,59.150002,59.400002,57.400002,57.599998,57.599998,517973
5/24/2016,57.799999,57.799999,54.650002,55,55,711342
5/25/2016,55.700001,56.849998,54.75,56.25,56.25,502350
5/26/2016,55.799999,57.400002,55.799999,56.950001,56.950001,441565
5/27/2016,57.349998,57.799999,56.299999,56.650002,56.650002,400738
5/30/2016,56.799999,57.849998,56.5,57.099998,57.099998,362106
5/31/2016,57.549999,59.400002,57.5,58.700001,58.700001,615747
6/1/2016,59.200001,60.049999,58.599998,58.75,58.75,605624
6/2/2016,59.099998,61.75,57.900002,61.099998,61.099998,1484285
6/3/2016,61.549999,67.199997,61.5,64.25,64.25,2405530
6/6/2016,64.650002,66.5,62.5,65.800003,65.800003,1213218
6/7/2016,65.800003,67.150002,65.199997,65.550003,65.550003,702181
6/8/2016,65.900002,71.5,65.849998,69.050003,69.050003,3615631
6/9/2016,69.699997,71.900002,69.300003,70.800003,70.800003,2232047
6/10/2016,71.5,77.75,71.5,76.449997,76.449997,4729647
6/13/2016,76.400002,79.699997,75.900002,79.050003,79.050003,3976764
6/14/2016,79.75,80.800003,71.300003,72.699997,72.699997,6277335
6/15/2016,73.75,75.800003,71.25,72.150002,72.150002,1914180
6/16/2016,72.400002,72.400002,68.099998,69.800003,69.800003,1480913
6/17/2016,70.5,71.900002,69.150002,69.949997,69.949997,864324
6/20/2016,69,72,68.25,70.849998,70.849998,1159959
6/21/2016,72.199997,75.849998,72,75.25,75.25,4015337
6/22/2016,75.75,76.099998,72.449997,73.25,73.25,1756840
6/23/2016,73.849998,74.150002,72.099998,72.849998,72.849998,996397
6/24/2016,69.849998,75.949997,64.599998,75.150002,75.150002,3739558
6/27/2016,75.900002,80.599998,75.599998,78.949997,78.949997,5027717
6/28/2016,80.050003,81.800003,79.300003,80.550003,80.550003,2849772
6/29/2016,81.699997,82.199997,80.5,81.050003,81.050003,3248907
6/30/2016,81.650002,81.900002,80.25,80.849998,80.849998,1564788
7/1/2016,81,81.400002,79.050003,79.550003,79.550003,1316723
7/4/2016,80.300003,81.25,78.349998,80.5,80.5,1831439
7/5/2016,80.650002,81.550003,78.849998,80.75,80.75,1804667
7/7/2016,81.449997,83,80.849998,82.050003,82.050003,1854782
7/8/2016,83,88,82.150002,87.449997,87.449997,7813459
7/11/2016,88.949997,89.599998,85.199997,86.050003,86.050003,6127049
7/12/2016,86.550003,86.699997,83.5,84.400002,84.400002,1981807
7/13/2016,83.900002,84,80.650002,82,82,1882152
7/14/2016,82,89.199997,81,88.099998,88.099998,7635937
7/15/2016,89.75,90.300003,84.599998,85.599998,85.599998,7743247
7/18/2016,86.099998,88.050003,84.599998,85.150002,85.150002,3241038
7/19/2016,86,86.449997,84.699997,85.650002,85.650002,1536339
7/20/2016,86.400002,88,86.199997,86.900002,86.900002,2012185
7/21/2016,87.900002,88.300003,85.449997,85.800003,85.800003,1242571
7/22/2016,85.150002,88.699997,83.599998,88.400002,88.400002,3978628
7/25/2016,90.550003,92.849998,89.199997,89.849998,89.849998,7301200
7/26/2016,90,90.400002,85.75,86.25,86.25,2485454
7/27/2016,86,87,83.599998,84.75,84.75,1937079
7/28/2016,88,91.400002,87.550003,90.550003,90.550003,6438273
7/29/2016,91.449997,92.699997,89.050003,90.900002,90.900002,4967186
8/1/2016,91.800003,92.349998,89.599998,90.300003,90.300003,2883555
8/2/2016,91.75,93.949997,90.099998,90.800003,90.800003,5928879
8/3/2016,90,90,85,85.75,85.75,6494606
8/4/2016,87.050003,88.199997,77.150002,78.349998,78.349998,6610544
8/5/2016,77,77,72.099998,73.300003,73.300003,6369188
8/8/2016,73.5,75.949997,72.650002,75.050003,75.050003,3536730
8/9/2016,75.449997,75.449997,72.099998,72.400002,72.400002,1602909
8/10/2016,72.650002,72.650002,67,68,68,2818299
8/11/2016,68.199997,68.300003,65.5,66.400002,66.400002,2003550
8/12/2016,67,68.400002,66.300003,66.849998,66.849998,1723372
8/16/2016,67.199997,67.400002,64.199997,64.650002,64.650002,1265296
8/17/2016,64.75,68.650002,63.099998,68.349998,68.349998,3045269
8/18/2016,68.900002,69.800003,68,69.050003,69.050003,1524468
8/19/2016,69.449997,71.300003,68.349998,70.599998,70.599998,1725382
8/22/2016,70.699997,71.150002,68.550003,70.349998,70.349998,1218018
8/23/2016,70.75,72,69.75,70.949997,70.949997,1267737
8/24/2016,70.5,71.800003,69.849998,71.449997,71.449997,1635058
8/25/2016,72.449997,72.800003,71.300003,71.900002,71.900002,2021839
8/26/2016,72.199997,72.449997,70.050003,70.300003,70.300003,1035145
8/29/2016,70,70.5,68.550003,68.949997,68.949997,807703
8/30/2016,69.050003,69.5,68.300003,68.699997,68.699997,674060
8/31/2016,68.849998,69.800003,67.599998,68.349998,68.349998,940271
9/1/2016,68.550003,70.800003,68.199997,68.550003,68.550003,1544667
9/2/2016,69.5,70.449997,69.099998,69.900002,69.900002,1310657
9/6/2016,70.5,71.5,69.300003,69.900002,69.900002,1064128
9/7/2016,70.199997,70.949997,69.300003,69.599998,69.599998,906279
9/8/2016,69.599998,71.699997,69.25,69.599998,69.599998,949922
9/9/2016,71.949997,72.449997,70.699997,71.099998,71.099998,1699629
9/12/2016,69.800003,73.199997,68.449997,69.699997,69.699997,1922743
9/14/2016,70,70.949997,69.400002,69.900002,69.900002,509801
9/15/2016,70.199997,70.449997,68.849998,69.199997,69.199997,393089
9/16/2016,69.900002,70.300003,68.349998,68.599998,68.599998,521667
9/19/2016,69.75,69.75,68,68.150002,68.150002,455090
9/20/2016,68.5,68.550003,67.349998,67.550003,67.550003,503527
9/21/2016,68,69.25,67.599998,68.75,68.75,985410
9/22/2016,70.5,71,69.300003,69.550003,69.550003,1036143
9/23/2016,69.900002,70.150002,68.5,68.800003,68.800003,693241
9/26/2016,68.599998,68.949997,67.25,67.449997,67.449997,496638
9/27/2016,68,68,66.199997,66.599998,66.599998,417416
9/28/2016,67,68.699997,66.300003,67.599998,67.599998,836722
9/29/2016,68.400002,68.400002,60,62.299999,62.299999,1076542
9/30/2016,62.450001,64.25,62.299999,63.849998,63.849998,544967
10/3/2016,65.5,66.400002,65.400002,65.800003,65.800003,608547
10/4/2016,65.949997,66.199997,65.550003,65.699997,65.699997,247278
10/5/2016,65.75,67.150002,65.5,65.699997,65.699997,478268
10/6/2016,66.349998,66.349998,64.5,64.849998,64.849998,405575
10/7/2016,65,65.099998,63.650002,63.950001,63.950001,350253
10/10/2016,64.300003,66.300003,63.700001,65.349998,65.349998,447939
10/13/2016,64.949997,65.449997,63.349998,64,64,433106
10/14/2016,64.050003,65,63.5,64.349998,64.349998,351056
10/17/2016,64.199997,64.75,62.75,63.099998,63.099998,340362
10/18/2016,64,67.5,64,66.900002,66.900002,1550818
10/19/2016,68.300003,70.400002,68.300003,69.099998,69.099998,2408173
10/20/2016,69,69,65,66.699997,66.699997,803992
10/21/2016,66.199997,66.949997,66,66.349998,66.349998,390043
10/24/2016,66.800003,66.949997,65.099998,65.25,65.25,492022
10/25/2016,65.449997,65.75,64.550003,64.800003,64.800003,742922
10/26/2016,64.5,66.800003,64.5,64.75,64.75,2468306
10/27/2016,64.849998,65.75,64.5,64.650002,64.650002,755985
10/28/2016,64.699997,65.449997,63.799999,64.099998,64.099998,713811
11/1/2016,65.5,65.699997,63.849998,64,64,807485
11/2/2016,63.900002,64.900002,63.900002,64.099998,64.099998,830577
11/3/2016,64.199997,66.300003,64,64.800003,64.800003,2021208
11/4/2016,66.599998,66.599998,61,61.650002,61.650002,1575255
11/7/2016,62.349998,62.450001,61.25,61.599998,61.599998,578397
11/8/2016,62.099998,62.200001,60.799999,61.25,61.25,503367
11/9/2016,52,59.950001,49.150002,58.849998,58.849998,1384247
11/10/2016,57.200001,58.950001,57,57.75,57.75,1484493
11/11/2016,56,57.25,56,56.150002,56.150002,615658
11/15/2016,57.25,57.25,53.25,53.799999,53.799999,758322
11/16/2016,54.549999,55,51.400002,51.700001,51.700001,553732
11/17/2016,52.25,52.799999,50.799999,51.549999,51.549999,416505
11/18/2016,51.599998,52.400002,51.049999,51.400002,51.400002,407839
11/21/2016,52,52.450001,49.200001,49.599998,49.599998,518527
11/22/2016,49.950001,50.700001,48.099998,49.349998,49.349998,519752
11/23/2016,50.400002,50.799999,49.5,50.400002,50.400002,372720
11/24/2016,50.849998,50.849998,49.700001,50.25,50.25,298788
11/25/2016,50.599998,51.75,50.349998,51.450001,51.450001,574519
11/28/2016,51.450001,52.599998,51,51.599998,51.599998,493362
11/29/2016,51.599998,53.5,51.599998,52.150002,52.150002,1135946
11/30/2016,52.599998,53.900002,52.200001,53.599998,53.599998,849412
12/1/2016,53.950001,54.25,52.5,52.799999,52.799999,558380
12/2/2016,52.349998,52.5,51.299999,51.650002,51.650002,314806
12/5/2016,51.650002,51.650002,50.799999,51.299999,51.299999,238808
12/6/2016,51.349998,51.700001,50.349998,50.650002,50.650002,437230
12/7/2016,51.049999,51.099998,49.75,50,50,359816
12/8/2016,50.5,51.299999,50.099998,50.549999,50.549999,466143
12/9/2016,50.650002,53.799999,50.599998,52.75,52.75,1630272
12/12/2016,53,54.25,52.700001,53.200001,53.200001,912257
12/13/2016,53.299999,53.75,52.099998,52.450001,52.450001,321300
12/14/2016,52.75,53.349998,52.049999,52.450001,52.450001,348409
12/15/2016,52.150002,53.25,51.099998,52.700001,52.700001,322738
12/16/2016,53.150002,53.200001,51.5,51.700001,51.700001,267531
12/19/2016,52,52,51,51.5,51.5,185531
12/20/2016,51.849998,52.25,50.799999,51.049999,51.049999,327867
12/21/2016,51.349998,52,50.650002,51.099998,51.099998,390788
12/22/2016,51.099998,52.200001,50.5,51,51,526112
12/23/2016,51.25,52.099998,51,51.150002,51.150002,635307
12/26/2016,50.700001,51.200001,49.349998,49.5,49.5,326188
12/27/2016,49.549999,50.150002,49.099998,49.549999,49.549999,344981
12/28/2016,49.299999,50.25,49.299999,49.599998,49.599998,266638
12/29/2016,49.700001,50.349998,49.599998,49.849998,49.849998,172133
12/30/2016,50,50.799999,49.950001,50.400002,50.400002,269935
1/2/2017,50.700001,52.099998,50.049999,51.700001,51.700001,506776
1/3/2017,52.150002,55.549999,51.900002,54.700001,54.700001,2107739
1/4/2017,55.400002,56.599998,54.349998,55.650002,55.650002,1690890
1/5/2017,56,56.599998,55.799999,56.349998,56.349998,697680
1/6/2017,56.900002,56.900002,54.400002,55.200001,55.200001,815306
1/9/2017,55.349998,55.900002,54.700001,55.450001,55.450001,402195
1/10/2017,55.549999,56.799999,55.450001,55.900002,55.900002,650961
1/11/2017,56.25,57.150002,56,56.450001,56.450001,615167
1/12/2017,56.75,57,55.5,55.900002,55.900002,377617
1/13/2017,56,56.5,55.599998,55.950001,55.950001,384137
1/16/2017,56.200001,60,56.200001,59.400002,59.400002,2069776
1/17/2017,62.5,63.400002,60.799999,61.700001,61.700001,3417828
1/18/2017,61.5,61.650002,59.549999,59.799999,59.799999,990207
1/19/2017,60.099998,60.299999,58.599998,58.849998,58.849998,629890
1/20/2017,59.049999,59.049999,57,57.099998,57.099998,534087
1/23/2017,57.450001,57.900002,56.299999,57.25,57.25,513995
1/24/2017,57.700001,57.950001,57,57.099998,57.099998,347982
1/25/2017,57.099998,60.450001,57.099998,59.549999,59.549999,1291776
1/27/2017,59.950001,60.049999,58.900002,59.25,59.25,515602
1/30/2017,59.25,61.400002,58.150002,59.599998,59.599998,844485
1/31/2017,59.5,59.950001,58.150002,58.450001,58.450001,421695
2/1/2017,58.700001,60.299999,58.049999,58.700001,58.700001,572234
2/2/2017,58.700001,59.549999,57.5,57.950001,57.950001,385089
2/3/2017,58.099998,59.700001,58.099998,58.799999,58.799999,639206
2/6/2017,59.25,61.549999,59.200001,61.099998,61.099998,1659699
2/7/2017,61.5,62.299999,60.650002,60.950001,60.950001,1080655
2/8/2017,59,60.099998,58.099998,58.400002,58.400002,932587
2/9/2017,58.400002,59.200001,58.099998,58.200001,58.200001,388778
2/10/2017,58.599998,60.200001,58.200001,58.400002,58.400002,647056
2/13/2017,58.849998,59.150002,57.299999,57.599998,57.599998,255259
2/14/2017,57.849998,58.450001,57.25,57.450001,57.450001,246550
2/15/2017,58,58.75,57.099998,57.349998,57.349998,463862
2/16/2017,57.5,57.700001,55.849998,55.950001,55.950001,602468
2/17/2017,56.5,58.200001,55.950001,56.75,56.75,691118
2/20/2017,57.200001,58.200001,56.599998,57.650002,57.650002,573151
2/21/2017,57.700001,58.099998,57.5,57.799999,57.799999,269751
2/22/2017,57.799999,59.349998,57.349998,57.75,57.75,717387
2/23/2017,57.900002,58.25,57.200001,57.349998,57.349998,371048
2/27/2017,57.549999,57.700001,56.799999,56.950001,56.950001,256053
2/28/2017,57.150002,61.950001,56.900002,60.599998,60.599998,3576276
3/1/2017,60.950001,61.75,59.549999,60.150002,60.150002,1145208
3/2/2017,60.450001,61,58.799999,59.099998,59.099998,479727
3/3/2017,58.900002,60.450001,58.549999,59.900002,59.900002,626311
3/6/2017,60.599998,61.799999,60.099998,60.450001,60.450001,652678
3/7/2017,60.450001,61.150002,59.549999,59.849998,59.849998,370636
3/8/2017,60,60.450001,58.799999,58.849998,58.849998,276136
3/9/2017,58.900002,60.299999,58.599998,59.400002,59.400002,417888
3/10/2017,60.549999,60.799999,59.5,60.099998,60.099998,672599
3/14/2017,63.049999,63.5,60.799999,61.349998,61.349998,1187629
3/15/2017,61.799999,62.799999,61.099998,61.799999,61.799999,1044624
3/16/2017,62.5,64.699997,62.5,64.349998,64.349998,2549183
3/17/2017,65.199997,66.75,65,65.199997,65.199997,2083124
3/20/2017,66,67.699997,65.75,66.199997,66.199997,2354308
3/21/2017,66.449997,66.699997,64,64.349998,64.349998,869158
3/22/2017,63.5,63.799999,62.700001,62.950001,62.950001,645535
3/23/2017,62.900002,65,62.900002,64.849998,64.849998,768302
3/24/2017,65.300003,65.699997,63.900002,64.150002,64.150002,734638
3/27/2017,64.75,66,64.699997,65.150002,65.150002,1268476
3/28/2017,65.650002,65.650002,64,64.25,64.25,540714
3/29/2017,64.5,66.599998,64.449997,65.199997,65.199997,1673966
3/30/2017,66.5,67,64.5,64.599998,64.599998,1137386
3/31/2017,64.75,65.050003,63.25,63.400002,63.400002,661472
4/3/2017,64.900002,65.400002,63.099998,64.25,64.25,832200
4/5/2017,64.75,65.949997,63.799999,65.349998,65.349998,1012798
4/6/2017,65.449997,65.449997,64.25,64.650002,64.650002,401037
4/7/2017,65,65.5,64,64.099998,64.099998,733477
4/10/2017,64.449997,64.449997,62.650002,63.25,63.25,522522
4/11/2017,63.099998,64.400002,63,63.400002,63.400002,485001
4/12/2017,63.849998,63.849998,62,62.400002,62.400002,428846
4/13/2017,62.299999,63.599998,61.849998,62.549999,62.549999,691753
4/17/2017,62.5,62.650002,61.349998,61.650002,61.650002,346817
4/18/2017,61.75,63,60.700001,61.200001,61.200001,483210
4/19/2017,61.450001,61.700001,60.5,60.799999,60.799999,369227
4/20/2017,61.25,61.900002,60.849998,61.25,61.25,311689
4/21/2017,61.5,62.900002,61.349998,62.150002,62.150002,643407
4/24/2017,62.599998,62.849998,62.150002,62.299999,62.299999,357372
4/25/2017,62.599998,63.450001,62.450001,62.700001,62.700001,631016
4/26/2017,63,64.25,61.450001,61.950001,61.950001,905060
4/27/2017,62,62.299999,61.450001,61.75,61.75,324431
4/28/2017,61.549999,62,60.799999,60.950001,60.950001,410152
5/2/2017,61.049999,62.349998,60.299999,61.049999,61.049999,751305
5/3/2017,61.25,61.349998,60.5,60.75,60.75,261428
5/4/2017,61.099998,61.349998,60.099998,60.25,60.25,430174
5/5/2017,60.549999,61,59.5,59.950001,59.950001,441033
5/8/2017,60.5,60.799999,60,60.150002,60.150002,425288
5/9/2017,60.650002,61.099998,60,60.150002,60.150002,516933
5/10/2017,60.5,61,60.200001,60.549999,60.549999,385302
5/11/2017,60.799999,61.700001,60.5,60.700001,60.700001,701841
5/12/2017,61,61.400002,60.099998,60.200001,60.200001,381238
5/15/2017,60.349998,61.5,60.349998,60.849998,60.849998,460269
5/16/2017,61,62.599998,60.5,62,62,1110985
5/17/2017,62.299999,62.400002,61.349998,62.150002,62.150002,904977
5/18/2017,61.25,61.5,60,60.450001,60.450001,1174286
5/19/2017,60.900002,61,59,59.099998,59.099998,544050
5/22/2017,59.099998,59.400002,57.099998,57.400002,57.400002,480511
5/23/2017,57.900002,57.900002,54.5,55.700001,55.700001,577957
5/24/2017,56.349998,56.799999,55.049999,55.25,55.25,339921
5/25/2017,56.25,56.25,55.049999,55.450001,55.450001,260209
5/26/2017,55.700001,56.450001,55.400002,55.700001,55.700001,332580
5/29/2017,56,56,54,54.299999,54.299999,302900
5/30/2017,54,55.299999,53.75,54.950001,54.950001,295199
5/31/2017,55.25,55.400002,54.299999,55.150002,55.150002,311424
6/1/2017,55.5,57.650002,55.150002,56.599998,56.599998,467384
6/2/2017,56.849998,58.25,56.200001,57.450001,57.450001,478520
6/5/2017,57.799999,57.799999,56.700001,57,57,276305
6/6/2017,56.900002,56.900002,56.099998,56.150002,56.150002,251686
6/7/2017,56.450001,56.75,56.049999,56.25,56.25,165906
6/8/2017,56.25,56.349998,55.700001,55.799999,55.799999,211461
6/9/2017,55.799999,56.700001,55.5,55.900002,55.900002,335443
6/12/2017,55.799999,57,55.700001,56,56,371387
6/13/2017,56.049999,56.5,55.450001,55.799999,55.799999,205387
6/14/2017,56,56.049999,55.049999,55.400002,55.400002,230362
6/15/2017,55.549999,55.599998,55.200001,55.450001,55.450001,172915
6/16/2017,55.599998,55.900002,54.299999,54.450001,54.450001,333967
6/19/2017,55.049999,55.25,53.799999,54.049999,54.049999,313623
6/20/2017,54.200001,59.900002,53.950001,59.549999,59.549999,3543295
6/21/2017,59.599998,62.5,58.5,61.950001,61.950001,2732363
6/22/2017,61.799999,62.400002,58.799999,59.349998,59.349998,1000319
6/23/2017,59.5,59.650002,57.549999,58.700001,58.700001,675577
6/27/2017,58.950001,59.950001,57.599998,59,59,475285
6/28/2017,59.799999,60.900002,59.200001,60.650002,60.650002,857065
6/29/2017,61.900002,62.5,61.099998,61.700001,61.700001,1087379
6/30/2017,62,62.950001,61.049999,62.349998,62.349998,1286612
7/3/2017,62.75,62.75,59.75,60.049999,60.049999,754756
7/4/2017,60.349998,60.400002,58.799999,58.950001,58.950001,492089
7/5/2017,60.900002,60.900002,59.599998,59.950001,59.950001,865525
7/6/2017,60.349998,60.799999,59.099998,59.5,59.5,573357
7/7/2017,59.650002,59.650002,58.799999,59,59,437486
7/10/2017,59.5,60,55.5,59.400002,59.400002,125381
7/11/2017,59.950001,59.950001,58.049999,58.25,58.25,366599
7/12/2017,58.099998,58.549999,58.049999,58.200001,58.200001,366041
7/13/2017,58.650002,60,58.299999,58.799999,58.799999,809287
7/14/2017,59.25,59.349998,57.599998,57.75,57.75,453477
7/17/2017,57.599998,59.400002,57.599998,58.400002,58.400002,478879
7/18/2017,58.099998,58.5,57.150002,57.25,57.25,420058
7/19/2017,57.099998,57.75,57,57.099998,57.099998,351895
7/20/2017,57.549999,57.549999,56.849998,56.950001,56.950001,307756
7/21/2017,57.200001,58.400002,57.099998,57.549999,57.549999,407861
7/24/2017,57.599998,58.5,57,57.150002,57.150002,573258
7/25/2017,57.049999,58.400002,56.799999,57.950001,57.950001,611633
7/26/2017,58.200001,58.450001,57.400002,57.549999,57.549999,427628
7/27/2017,57.5,58.099998,56.799999,57,57,343096
7/28/2017,56.900002,57.299999,56,56.150002,56.150002,482650
7/31/2017,56.549999,56.599998,56,56.099998,56.099998,215238
8/1/2017,56.099998,56.400002,55.5,55.599998,55.599998,238271
8/2/2017,55.799999,56.099998,54.599998,54.950001,54.950001,301736
8/3/2017,55,55.25,53.400002,53.549999,53.549999,322478
8/4/2017,54.950001,55.950001,54.400002,54.849998,54.849998,895883
8/7/2017,58.75,58.75,56.099998,56.650002,56.650002,754530
8/8/2017,57.200001,57.200001,55,55.200001,55.200001,232330
8/9/2017,54.5,54.700001,53,53.599998,53.599998,369101
8/10/2017,53.400002,53.900002,50.049999,50.900002,50.900002,506191
8/11/2017,49,50,46.200001,48.25,48.25,926139
8/14/2017,49.150002,50.25,48.75,49.950001,49.950001,277502
8/16/2017,51,51.099998,50.049999,50.799999,50.799999,299444
8/17/2017,51.650002,51.650002,50.5,50.849998,50.849998,300143
8/18/2017,50.599998,50.599998,49.5,49.75,49.75,252066
8/21/2017,50,50.349998,48.200001,48.700001,48.700001,225805
8/22/2017,48.900002,49.200001,47.700001,48.400002,48.400002,198682
8/23/2017,51,51.849998,49.599998,50.299999,50.299999,677219
8/24/2017,50.25,50.5,49.549999,50.099998,50.099998,216708
8/28/2017,50.150002,51.599998,50,50.849998,50.849998,292234
8/29/2017,50.5,52.5,50,50.599998,50.599998,547967
8/30/2017,51,51.549999,50.549999,50.700001,50.700001,248939
8/31/2017,51.400002,53.150002,50.700001,52.349998,52.349998,898572
9/1/2017,52.599998,56.450001,52.150002,55.400002,55.400002,1157013
9/4/2017,56.25,56.25,53.299999,53.799999,53.799999,1121170
9/5/2017,53.950001,55.25,53.349998,54.049999,54.049999,417973
9/6/2017,53.75,55.700001,53,54.349998,54.349998,551552
9/7/2017,54.549999,55.5,54.150002,54.450001,54.450001,402519
9/8/2017,54.25,54.599998,53.25,53.400002,53.400002,308936
9/11/2017,53.549999,54.150002,53.150002,53.25,53.25,261821
9/12/2017,53.599998,55,53.150002,54.450001,54.450001,589472
9/13/2017,54.450001,55.349998,53.450001,53.700001,53.700001,357995
9/14/2017,54,54.700001,53.299999,53.599998,53.599998,219991
9/15/2017,53,53.700001,51.900002,52.700001,52.700001,332166
9/18/2017,54.75,54.799999,53,53.349998,53.349998,416849
9/19/2017,53.5,53.75,52.75,52.849998,52.849998,235984
9/20/2017,52.900002,55.450001,52.549999,53,53,628584
9/21/2017,53.150002,53.599998,52.200001,52.650002,52.650002,192856
9/22/2017,52.700001,52.700001,50.799999,51.200001,51.200001,316359
9/25/2017,51.650002,51.650002,49.599998,50.599998,50.599998,314839
9/26/2017,50.5,50.75,49.299999,50.049999,50.049999,248134
9/27/2017,52.400002,52.5,49.5,49.849998,49.849998,545845
9/28/2017,50,50.349998,47.549999,49.849998,49.849998,216925
9/29/2017,50.200001,50.700001,49.5,49.950001,49.950001,266685
10/3/2017,50.200001,50.450001,49.5,49.700001,49.700001,187892
10/4/2017,50.950001,51.400002,50.099998,50.450001,50.450001,524302
10/5/2017,50.650002,51.099998,50,50.25,50.25,309529
10/6/2017,50.599998,51.400002,50.299999,50.700001,50.700001,341038
10/9/2017,50.75,52.200001,50.75,51.349998,51.349998,519621
10/10/2017,51.450001,52.400002,51.25,51.5,51.5,462557
10/11/2017,51.549999,52.299999,49.049999,50.150002,50.150002,286886
10/12/2017,50.200001,50.700001,50,50.200001,50.200001,162716
10/13/2017,50.299999,52.25,50.299999,50.599998,50.599998,605975
10/16/2017,50.849998,51.099998,49.849998,50,50,208025
10/17/2017,50.5,54.400002,50.5,52.650002,52.650002,3030947
10/18/2017,52.799999,52.849998,51.700001,52.150002,52.150002,655355
10/19/2017,52.650002,53.099998,52.200001,52.700001,52.700001,260357
10/23/2017,52.5,53.25,51.599998,51.799999,51.799999,367703
10/24/2017,52,55.799999,51.650002,54.299999,54.299999,2386128
10/25/2017,54.799999,55.150002,52.650002,52.849998,52.849998,590585
10/26/2017,52.849998,54.299999,52.200001,54,54,607574
10/27/2017,54,54.700001,53.049999,53.299999,53.299999,393529
10/30/2017,53.799999,55.200001,53.349998,54.700001,54.700001,771350
10/31/2017,55,55.349998,54.150002,54.400002,54.400002,576528
11/1/2017,54.799999,57.450001,54.349998,56.049999,56.049999,1589514
11/2/2017,56.200001,58.450001,55.200001,56.799999,56.799999,1760547
11/3/2017,57.299999,57.299999,55.799999,55.950001,55.950001,514594
11/6/2017,56,58.450001,55.650002,57.799999,57.799999,1226384
11/7/2017,57.549999,59.900002,56.549999,57.599998,57.599998,1357496
11/8/2017,58,59,54.5,55.849998,55.849998,1006827
11/9/2017,54.5,55.400002,53.049999,53.349998,53.349998,958465
11/10/2017,53.5,54.75,53.150002,54.049999,54.049999,724830
11/13/2017,54.200001,54.5,53.400002,53.950001,53.950001,386407
11/14/2017,54.049999,54.200001,52.549999,52.849998,52.849998,409469
11/15/2017,52.200001,52.549999,51.5,51.599998,51.599998,358481
11/16/2017,51.799999,53,51.5,52.400002,52.400002,376471
11/17/2017,53,59.25,52.849998,58.75,58.75,4101641
11/20/2017,60,60.75,58.25,58.599998,58.599998,6923566
11/21/2017,59.799999,60.450001,57.200001,57.799999,57.799999,2862451
11/22/2017,58.200001,58.299999,55.900002,56.25,56.25,807617
11/23/2017,56.549999,58.200001,55.950001,57.950001,57.950001,1169795
11/24/2017,58,59.400002,57.400002,58.599998,58.599998,1250116
11/27/2017,58,58.349998,57.400002,57.799999,57.799999,481901
11/28/2017,57.650002,60.549999,57.450001,60.150002,60.150002,2323508
11/29/2017,60.450001,60.700001,58.5,59.049999,59.049999,3368121
11/30/2017,58.25,59.299999,57.650002,58.299999,58.299999,1887199
12/1/2017,58.450001,60.299999,57.200001,57.549999,57.549999,1568584
12/4/2017,58.099998,60,57.25,58.700001,58.700001,1475987
12/5/2017,58.5,58.650002,56.950001,57.099998,57.099998,777231
12/6/2017,57,58.5,56.150002,56.400002,56.400002,685728
12/7/2017,56.549999,57.799999,56.549999,57.099998,57.099998,694615
12/8/2017,57.5,58.849998,57.150002,57.450001,57.450001,1255468
12/11/2017,57.950001,58.150002,56.799999,57,57,330073
12/12/2017,57.049999,57.75,56.200001,56.349998,56.349998,478224
12/13/2017,56.349998,56.849998,54.549999,55,55,507867
12/14/2017,55.299999,55.549999,54.049999,54.599998,54.599998,352484
12/15/2017,55.099998,56,54.450001,54.700001,54.700001,449618
12/18/2017,55.900002,56.349998,54.349998,55.650002,55.650002,848424
12/19/2017,56,57.200001,55.75,56.950001,56.950001,612734
12/20/2017,57,58.099998,56.400002,57,57,655409
12/21/2017,57.099998,58.25,56.700001,57.150002,57.150002,650543
12/22/2017,57.450001,58.150002,57.200001,57.400002,57.400002,526270
12/26/2017,57.5,59.200001,57.349998,58.200001,58.200001,827330
12/27/2017,58.25,58.75,56.799999,57,57,475643
12/28/2017,57.400002,57.400002,56.5,56.700001,56.700001,296328
12/29/2017,56.849998,58.75,56.75,57.349998,57.349998,872778
1/1/2018,57.650002,61.700001,57.5,59.5,59.5,2494544
1/2/2018,60.099998,60.400002,58.400002,59.599998,59.599998,1649936
1/3/2018,60,60.900002,59.299999,59.450001,59.450001,1436095
1/4/2018,59.900002,62.400002,59.349998,60.799999,60.799999,4985901
1/5/2018,61,62.599998,59.75,60.150002,60.150002,5411019
1/8/2018,60.5,67.300003,59.849998,65,65,15607488
1/9/2018,65.650002,67.699997,63.599998,66,66,6804349
1/10/2018,66.400002,66.400002,63,63.849998,63.849998,3337499
1/11/2018,64,66.300003,63.150002,64.449997,64.449997,3911970
1/12/2018,65.150002,70.800003,65.150002,69,69,15918412
1/15/2018,69.400002,70.800003,66.650002,68.199997,68.199997,5890562
1/16/2018,68,68,62.5,63.299999,63.299999,5791769
1/17/2018,63.099998,64,60.700001,63.549999,63.549999,3199142
1/18/2018,64.199997,64.800003,59.349998,60,60,2921829
1/19/2018,60.25,61.349998,59.099998,60.25,60.25,1774755
1/22/2018,60.549999,63.200001,59.799999,61.150002,61.150002,1819374
1/23/2018,61.450001,61.549999,59.700001,59.900002,59.900002,1168779
1/24/2018,60,60,57.75,58.200001,58.200001,1051645
1/25/2018,58,58.799999,57.200001,57.549999,57.549999,1230639
1/29/2018,57.950001,58.700001,55.5,55.849998,55.849998,948029
1/30/2018,55.900002,56.25,54.5,55.200001,55.200001,1042526
1/31/2018,55.049999,57.299999,55.049999,56.200001,56.200001,1352965
2/1/2018,56.849998,57.900002,55.099998,56,56,1040754
2/2/2018,55.099998,55.650002,52,52.200001,52.200001,1813985
2/5/2018,50.299999,53,49.849998,51.150002,51.150002,1119146
2/6/2018,49.5,50.200001,47.650002,49.599998,49.599998,1459590
2/7/2018,50.549999,52.299999,50.549999,51.900002,51.900002,826106
2/8/2018,51.5,53,51.450001,52.150002,52.150002,1130557
2/9/2018,50.900002,52.849998,50.599998,52.549999,52.549999,955559
2/12/2018,52.950001,54.599998,52.900002,53.75,53.75,778019
2/14/2018,54.450001,57,54.25,55.150002,55.150002,1021305
2/15/2018,55.299999,57.650002,54.599998,55,55,1351776
2/16/2018,55.400002,55.599998,53,53.400002,53.400002,676535
2/19/2018,53.650002,53.799999,51.25,51.799999,51.799999,725397
2/20/2018,51.650002,52.75,51.549999,52.150002,52.150002,353007
2/21/2018,52.450001,52.450001,51.150002,51.450001,51.450001,437254
2/22/2018,51.25,52.200001,51,51.099998,51.099998,450308
2/23/2018,51.450001,53,51.200001,52.200001,52.200001,615917
2/26/2018,52.349998,52.849998,52.049999,52.150002,52.150002,399088
2/27/2018,52.450001,53.25,51.799999,52.150002,52.150002,419962
2/28/2018,51.950001,52.150002,51.599998,51.75,51.75,200243
3/1/2018,51.549999,52.25,51,51.25,51.25,391353
3/5/2018,51,51.700001,50.150002,50.75,50.75,402688
3/6/2018,51.200001,51.5,48.349998,49.150002,49.150002,641182
3/7/2018,49,49.700001,47.400002,47.650002,47.650002,944118
3/8/2018,47.849998,49.400002,47.299999,49,49,804158
3/9/2018,49.099998,49.25,47.650002,47.900002,47.900002,316886
3/12/2018,48.450001,48.900002,47.950001,48.25,48.25,399404
3/13/2018,48.450001,48.900002,48.049999,48.200001,48.200001,645351
3/14/2018,48,48.700001,47.799999,48.450001,48.450001,386667
3/15/2018,48.549999,50.25,48.150002,49.549999,49.549999,654031
3/16/2018,49.700001,50.25,48.099998,48.349998,48.349998,424628
3/19/2018,48.549999,48.549999,46.849998,47.049999,47.049999,386958
3/20/2018,47,47.900002,46.549999,47,47,320132
3/21/2018,47.450001,48.099998,47.099998,47.400002,47.400002,312966
3/22/2018,47.25,47.650002,46.200001,46.549999,46.549999,429415
3/23/2018,45.599998,46,45,45.150002,45.150002,575055
3/26/2018,45.400002,45.400002,43.849998,44.450001,44.450001,791563
3/27/2018,45,46.950001,44.799999,45.400002,45.400002,693730
3/28/2018,45.099998,46.25,44.200001,44.75,44.75,495640
4/2/2018,45.450001,46.849998,44.900002,46.599998,46.599998,516251
4/3/2018,46.5,47.900002,46.049999,47.099998,47.099998,736738
4/4/2018,47.299999,48.099998,46.150002,46.349998,46.349998,354004
4/5/2018,47,47.700001,46.75,47.150002,47.150002,278216
4/6/2018,47.25,47.75,46.900002,47.5,47.5,272554
4/9/2018,47.5,49.650002,47.5,49.25,49.25,600425
4/10/2018,49.450001,49.599998,48.450001,48.75,48.75,348067
4/11/2018,48.650002,49.049999,48.150002,48.650002,48.650002,266486
4/12/2018,48.700001,49.200001,48.200001,48.549999,48.549999,264004
4/13/2018,48.549999,48.799999,48.25,48.5,48.5,195595
4/16/2018,48.299999,49.400002,48,48.75,48.75,354283
4/17/2018,48.950001,49.299999,48.5,48.599998,48.599998,201813
4/18/2018,48.950001,49.25,48,48.099998,48.099998,281201
4/19/2018,48,48.650002,47.849998,48.200001,48.200001,277637
4/20/2018,48.099998,48.349998,47.25,47.599998,47.599998,198324
4/23/2018,47.650002,48.650002,47.349998,47.599998,47.599998,165443
4/24/2018,47.849998,56.799999,47.799999,55.299999,55.299999,10918276
4/25/2018,53.900002,56.849998,51.900002,52.200001,52.200001,5863116
4/26/2018,52,52.849998,50.099998,50.299999,50.299999,764010
4/27/2018,50.599998,51.049999,49.25,49.450001,49.450001,503939
4/30/2018,49.799999,52.200001,48.599998,51.200001,51.200001,1756290
5/2/2018,51.450001,53.25,50.75,52,52,1220843
5/3/2018,51.950001,51.950001,50.200001,50.349998,50.349998,390121
5/4/2018,50.599998,51.799999,49.700001,50.450001,50.450001,837524
5/7/2018,50.849998,51.349998,50,51,51,306799
5/8/2018,51.25,52.349998,50.799999,51.349998,51.349998,448960
5/9/2018,51.400002,52.400002,51.299999,51.650002,51.650002,428316
5/10/2018,51.5,52.25,50,50.349998,50.349998,338695
5/11/2018,50.450001,51.349998,49.650002,50.549999,50.549999,476155
5/14/2018,54.75,54.950001,52.200001,52.549999,52.549999,1885111
5/15/2018,52.700001,52.799999,49.400002,50.150002,50.150002,711158
5/16/2018,50,50.450001,47.900002,48.849998,48.849998,814644
5/17/2018,49.400002,49.5,48.549999,48.849998,48.849998,332086
5/18/2018,49.200001,49.25,46.900002,47.099998,47.099998,539749
5/21/2018,47.450001,48.25,46.549999,47.099998,47.099998,396478
5/22/2018,47.049999,49.700001,46.299999,47.400002,47.400002,586061
5/23/2018,47,48.200001,45.849998,46.349998,46.349998,296799
5/24/2018,46.5,46.849998,44.75,45.849998,45.849998,421406
5/25/2018,45.849998,50.900002,45.849998,48.599998,48.599998,1474507
5/28/2018,49,49.5,48.349998,48.599998,48.599998,385459
5/29/2018,48.599998,50.200001,47.799999,48.099998,48.099998,538356
5/30/2018,47.650002,48.799999,47.599998,48.349998,48.349998,284730
5/31/2018,48.700001,48.75,47.049999,47.150002,47.150002,300684
6/1/2018,47.450001,47.450001,45.799999,46.099998,46.099998,301268
6/4/2018,46.5,46.75,44.75,45.450001,45.450001,423926
6/5/2018,45.099998,45.099998,44,44.700001,44.700001,291199
6/6/2018,44.549999,45.799999,44,44.849998,44.849998,223764
6/7/2018,45.25,47.349998,44.900002,46.75,46.75,473224
6/8/2018,46.450001,47.150002,46.25,46.599998,46.599998,213083
6/11/2018,46.5,47.950001,46.299999,46.849998,46.849998,404541
6/12/2018,46.900002,47.450001,46.650002,46.799999,46.799999,244197
6/13/2018,47,48.150002,46.849998,47.150002,47.150002,460214
6/14/2018,47.200001,48.099998,46.950001,47.75,47.75,266214
6/15/2018,47.75,48.299999,46.799999,47.049999,47.049999,336106
6/18/2018,47.099998,47.25,46.150002,46.25,46.25,271824
6/19/2018,46.349998,46.599998,45.349998,45.450001,45.450001,227335
6/20/2018,45.700001,48.400002,45.650002,46.450001,46.450001,843224
6/21/2018,46.650002,46.75,45.150002,45.400002,45.400002,230214
6/22/2018,45.400002,45.549999,44.700001,44.900002,44.900002,184779
6/25/2018,44.900002,45.400002,44.549999,44.650002,44.650002,179142
6/26/2018,44.400002,44.400002,43,43.25,43.25,269321
6/27/2018,43.299999,44.5,41.700001,42.25,42.25,327341
6/28/2018,42.599998,43,40.900002,41.049999,41.049999,302090
6/29/2018,41.400002,43.200001,41.200001,41.900002,41.900002,373563
7/2/2018,42.200001,43.200001,41.700001,42.150002,42.150002,259770
7/3/2018,42.200001,43.200001,41.75,42.299999,42.299999,284168
7/4/2018,42.450001,42.849998,41.5,41.799999,41.799999,246262
7/5/2018,41.900002,43.25,41.900002,42.799999,42.799999,409947
7/6/2018,42.799999,43.75,42.200001,42.75,42.75,341286
7/9/2018,43,44.75,42.849998,43.849998,43.849998,582417
7/10/2018,43.799999,44.450001,43.799999,44.049999,44.049999,192077
7/11/2018,44,44.150002,42.650002,42.849998,42.849998,150998
7/12/2018,42.950001,43.5,42,42.099998,42.099998,155245
7/13/2018,42.150002,42.650002,41.5,41.75,41.75,319493
7/16/2018,41.75,43.700001,40.400002,41.099998,41.099998,918726
7/17/2018,41.099998,41.900002,40.650002,41.700001,41.700001,271604
7/18/2018,41.700001,41.950001,40.599998,40.650002,40.650002,178374
7/19/2018,40.900002,40.900002,39.549999,39.650002,39.650002,322919
7/20/2018,39.650002,40.099998,39.299999,39.849998,39.849998,219315
7/23/2018,40,40.200001,39.599998,39.75,39.75,159275
7/24/2018,39.950001,41.700001,39.599998,41.150002,41.150002,297600
7/25/2018,41.25,41.799999,41.099998,41.200001,41.200001,93030
7/26/2018,41.25,41.900002,40.900002,41.5,41.5,208058
7/27/2018,41.650002,44.299999,41.549999,43.849998,43.849998,596997
7/30/2018,44.900002,47.950001,44.900002,45.599998,45.599998,1387279
7/31/2018,45.599998,49.400002,45,46.799999,46.799999,3048970
8/1/2018,46.799999,48.349998,45.150002,46.349998,46.349998,1524464
8/2/2018,46.25,46.799999,45.25,45.5,45.5,387742
8/3/2018,46.049999,47.75,46.049999,46.549999,46.549999,613725
8/6/2018,46.549999,47.25,45.75,46,46,284697
8/7/2018,46,46.299999,44.599998,44.849998,44.849998,274505
8/8/2018,44.900002,45.400002,43.5,43.849998,43.849998,331792
8/9/2018,44.049999,45.25,43.799999,43.950001,43.950001,220877
8/10/2018,44.150002,44.599998,43.099998,43.650002,43.650002,225896
8/13/2018,43,43.799999,42.700001,42.75,42.75,197164
8/14/2018,42.599998,43,41.549999,41.75,41.75,185725
8/16/2018,41.5,42.299999,41.25,41.400002,41.400002,291742
8/17/2018,41.700001,42.150002,41.400002,41.75,41.75,166223
8/20/2018,42,42.299999,41.200001,41.599998,41.599998,301178
8/21/2018,41.599998,43.25,41.200001,42.25,42.25,544328
8/23/2018,42.450001,42.5,41.099998,41.349998,41.349998,196344
8/24/2018,41.349998,41.5,40.5,40.650002,40.650002,267485
8/27/2018,40.900002,42.150002,40.5,41.25,41.25,326215
8/28/2018,41.400002,41.599998,40.950001,41.099998,41.099998,230184
8/29/2018,41.400002,41.549999,40.700001,40.799999,40.799999,174349
8/30/2018,40.799999,41.599998,40.349998,40.900002,40.900002,314296
8/31/2018,41,41.400002,40.549999,40.950001,40.950001,192172
9/3/2018,40.849998,41.200001,40.400002,40.549999,40.549999,355414
9/4/2018,40.700001,41.150002,40.049999,40.200001,40.200001,324054
9/5/2018,40.049999,40.75,39.900002,40,40,484995
9/6/2018,40.150002,41,39.799999,40.049999,40.049999,722637
9/7/2018,40.25,40.450001,39.900002,40.049999,40.049999,271167
9/10/2018,40,40.150002,39.599998,39.650002,39.650002,299905
9/11/2018,39.75,40.049999,39.200001,39.400002,39.400002,229041
9/12/2018,39.75,39.75,38.799999,39.099998,39.099998,168307
9/14/2018,38.799999,39.75,38.799999,39.599998,39.599998,182157
9/17/2018,39.5,41.25,38.950001,40.650002,40.650002,440174
9/18/2018,40.450001,41.349998,40.049999,40.5,40.5,375066
9/19/2018,40.349998,40.650002,39.299999,39.650002,39.650002,241094
9/21/2018,39.849998,40,37,38.599998,38.599998,501958
9/24/2018,38.599998,38.75,36.549999,38.049999,38.049999,327177
9/25/2018,38,38.049999,36.549999,36.849998,36.849998,223081
9/26/2018,37,37.049999,35.849998,36.049999,36.049999,191533
9/27/2018,36.049999,36.450001,34.650002,35.400002,35.400002,222572
9/28/2018,35,35.400002,33,33.450001,33.450001,505860
10/1/2018,33.5,34.799999,32.150002,33.950001,33.950001,302399
10/3/2018,34,37.400002,34,35.700001,35.700001,483466
10/4/2018,35,36.799999,34.75,36.450001,36.450001,240395
10/5/2018,37.200001,37.700001,35.400002,35.849998,35.849998,307919
10/8/2018,34.75,35.849998,34.150002,34.450001,34.450001,205876
10/9/2018,34.650002,34.650002,33,33.200001,33.200001,169202
10/10/2018,33.200001,33.950001,32.75,33.599998,33.599998,296757
10/11/2018,32.799999,33.299999,32.349998,32.950001,32.950001,199725
10/12/2018,33.200001,35,33.150002,34.700001,34.700001,180254
10/15/2018,34.950001,36.150002,34.400002,35.599998,35.599998,146465
10/16/2018,35.650002,36.650002,35.5,36.150002,36.150002,77136
10/17/2018,36.849998,37,35.950001,36.049999,36.049999,155735
10/19/2018,36,36,35.349998,35.450001,35.450001,94437
10/22/2018,35.450001,35.650002,35,35.049999,35.049999,79084
10/23/2018,34.75,35.150002,34.049999,34.200001,34.200001,113753
10/24/2018,34.25,35.650002,34.25,35.049999,35.049999,100411
10/25/2018,35,35.200001,34.150002,34.700001,34.700001,95409
10/26/2018,35.950001,35.950001,33.799999,33.950001,33.950001,80249
10/29/2018,35,40.700001,34.099998,38.799999,38.799999,1284504
10/30/2018,38.549999,38.549999,34.099998,37.099998,37.099998,374996
10/31/2018,37.599998,38.299999,35,36.049999,36.049999,190043
11/1/2018,36.049999,37.950001,35.75,37.200001,37.200001,175048
11/2/2018,37.5,38.25,36.599998,36.849998,36.849998,173083
11/5/2018,36.5,37.25,36.400002,36.799999,36.799999,76836
11/6/2018,36.900002,38.25,36.900002,37.099998,37.099998,180850
11/7/2018,37.25,37.900002,37.25,37.650002,37.650002,47313
11/9/2018,37.650002,37.75,37.150002,37.25,37.25,71528
11/12/2018,37.450001,38,37,37.150002,37.150002,59094
11/13/2018,37.099998,38.150002,36.5,37.400002,37.400002,219430
11/14/2018,37.950001,37.950001,37,37.049999,37.049999,107852
11/15/2018,37.25,37.5,36.549999,37.299999,37.299999,139974
11/16/2018,37.799999,38.200001,34.200001,35.049999,35.049999,589530
11/19/2018,35.25,35.799999,35.049999,35.099998,35.099998,119039
11/20/2018,35.450001,35.450001,34.650002,34.75,34.75,123098
11/21/2018,34.849998,36.950001,34.799999,36.450001,36.450001,597031
11/22/2018,36.450001,37.200001,35.549999,35.650002,35.650002,347161
11/26/2018,35.900002,36.25,35.049999,35.25,35.25,122906
11/27/2018,35.049999,36.200001,34.799999,35.099998,35.099998,214984
11/28/2018,35.599998,36.400002,35,35.200001,35.200001,375406
11/29/2018,35.549999,35.900002,34.799999,35,35,152121
11/30/2018,35.099998,35.25,34.849998,34.900002,34.900002,93337
12/3/2018,35,35.450001,34.849998,34.950001,34.950001,86457
12/4/2018,35.049999,35.450001,34.299999,34.599998,34.599998,96764
12/5/2018,34.349998,35.150002,34.349998,34.700001,34.700001,134967
12/6/2018,34.5,34.799999,34,34.150002,34.150002,92449
12/7/2018,34.400002,34.599998,33.900002,34.200001,34.200001,123813
12/10/2018,34,34.049999,33.299999,33.650002,33.650002,90357
12/11/2018,33.450001,34.150002,33.25,33.900002,33.900002,110909
12/12/2018,34.25,35.400002,34.25,34.799999,34.799999,133733
12/13/2018,35,35.700001,34.299999,34.700001,34.700001,147574
12/14/2018,34.900002,34.900002,34.349998,34.599998,34.599998,46430
12/17/2018,34.5,35.400002,34.200001,34.650002,34.650002,95207
12/18/2018,34.599998,35.049999,34.400002,34.849998,34.849998,93673
12/19/2018,35,35.799999,34.75,35.200001,35.200001,228920
12/20/2018,35.200001,36.950001,34.849998,36.549999,36.549999,517918
12/21/2018,36.5,36.549999,35.150002,35.25,35.25,156738
12/24/2018,35.299999,35.650002,34.599998,34.799999,34.799999,134423
12/26/2018,34.799999,35.200001,34.400002,34.75,34.75,146946
12/27/2018,35.049999,36,34.900002,35.049999,35.049999,259540
12/28/2018,35.049999,35.450001,35,35.099998,35.099998,93246
12/31/2018,35.099998,35.450001,34.849998,34.950001,34.950001,95212
1/1/2019,35,35.450001,34.849998,35.200001,35.200001,139606
1/2/2019,35.049999,35.400002,34.700001,34.849998,34.849998,71449
1/3/2019,34.799999,35.200001,34.400002,34.450001,34.450001,61091
1/4/2019,34.599998,35.099998,34.400002,34.650002,34.650002,67623
1/7/2019,34.950001,35.349998,34.5,34.599998,34.599998,105199
1/8/2019,34.849998,34.950001,34.5,34.849998,34.849998,59548
1/9/2019,34.849998,35.25,34.799999,34.799999,34.799999,74715
1/10/2019,34.799999,35.099998,34.400002,34.549999,34.549999,60349
1/11/2019,34.700001,34.900002,34.349998,34.650002,34.650002,56641
1/14/2019,34.599998,35.549999,34.5,34.799999,34.799999,90120
1/15/2019,35.200001,35.25,34.849998,35,35,108067
1/16/2019,35,35.099998,34.599998,34.700001,34.700001,55324
1/17/2019,34.650002,34.849998,34.450001,34.5,34.5,90442
1/18/2019,34.599998,34.900002,34.349998,34.5,34.5,108918
1/21/2019,34.650002,35.200001,34.299999,34.5,34.5,235244
1/22/2019,34.650002,34.650002,33.799999,33.900002,33.900002,80142
1/23/2019,34,34,33,33.200001,33.200001,64682
1/24/2019,32.599998,32.950001,32.599998,32.700001,32.700001,76346
1/25/2019,32.650002,33.150002,32.599998,32.799999,32.799999,97370
1/28/2019,32.650002,33.049999,30.9,31.5,31.5,129151
1/29/2019,31.25,31.549999,30.950001,31.1,31.1,101842
1/30/2019,31.1,32.900002,30.9,31.049999,31.049999,458973
1/31/2019,31.200001,31.799999,31,31.4,31.4,154933
2/1/2019,31.4,31.85,30.75,30.9,30.9,209200
2/4/2019,31.25,31.25,29.5,30.1,30.1,220020
2/5/2019,30.6,32.200001,29.549999,30.6,30.6,1122382
2/6/2019,30.5,31.200001,29,29.15,29.15,237328
2/7/2019,29.15,31.65,29.15,30.85,30.85,246095
2/8/2019,30.85,30.85,29.9,30,30,97026
2/11/2019,29.65,29.950001,29.299999,29.5,29.5,88500
2/12/2019,29.5,30.450001,29.4,29.549999,29.549999,148388
2/14/2019,29.25,29.799999,28.950001,29.6,29.6,212321
2/15/2019,29.65,29.85,29.450001,29.549999,29.549999,68538
2/18/2019,29.75,29.9,29.5,29.5,29.5,87417
2/19/2019,29.799999,30.200001,29.25,29.9,29.9,83773
2/20/2019,30.1,30.1,29.5,29.549999,29.549999,56973
2/21/2019,29.6,29.950001,29.5,29.799999,29.799999,77009
2/22/2019,29.799999,31,29.799999,30.25,30.25,355280
2/25/2019,30.450001,30.9,30.25,30.450001,30.450001,155516
2/26/2019,30.15,30.15,29.299999,29.799999,29.799999,109491
2/27/2019,29.9,30.4,29.299999,29.450001,29.450001,127450
2/28/2019,29.6,30.15,29.5,29.75,29.75,181682
3/1/2019,29.65,31.049999,29.65,30.700001,30.700001,339131
3/5/2019,30.65,33.5,30.35,33.099998,33.099998,444161
3/6/2019,33.950001,34.549999,32.799999,33.450001,33.450001,418058
3/7/2019,33.200001,34.900002,32.849998,34.25,34.25,299015
3/8/2019,34,34.200001,33.349998,33.5,33.5,134375
3/11/2019,33.5,34.150002,33.5,33.900002,33.900002,81441
3/12/2019,34.099998,34.599998,33.75,33.900002,33.900002,208656
3/13/2019,34,34.549999,33.549999,33.700001,33.700001,222541
3/14/2019,33.799999,35.349998,33.400002,34.549999,34.549999,551450
3/15/2019,34.900002,35.400002,33.150002,33.349998,33.349998,443474
3/18/2019,33.599998,33.950001,33.049999,33.5,33.5,228204
3/19/2019,34.150002,34.150002,33.25,33.75,33.75,203208
3/20/2019,33.700001,34.200001,33.200001,33.349998,33.349998,311474
3/22/2019,33.549999,33.650002,32.299999,32.450001,32.450001,217402
3/25/2019,32.400002,32.549999,31.799999,32.049999,32.049999,206879
3/26/2019,32.049999,32.950001,31.6,32.450001,32.450001,232807
3/27/2019,32.700001,32.849998,31.799999,32.400002,32.400002,188740
3/28/2019,32.5,33.150002,32.299999,32.450001,32.450001,134855
4/1/2019,33.299999,34.5,32.799999,33.950001,33.950001,186939
4/2/2019,34,34.299999,33.75,33.900002,33.900002,84367
4/3/2019,34,34.799999,33.75,33.849998,33.849998,244472
4/4/2019,34,34.150002,33.349998,33.400002,33.400002,88114
4/5/2019,33.349998,34,33.349998,33.799999,33.799999,74168
4/8/2019,33.799999,34.900002,33.650002,33.900002,33.900002,284034
4/9/2019,33.799999,34,33.400002,33.75,33.75,108115
4/10/2019,34,34.049999,33.299999,33.450001,33.450001,118461
4/11/2019,33.549999,34.200001,33.5,34.049999,34.049999,127634
4/12/2019,33.849998,36,33.599998,34.75,34.75,1037107
4/15/2019,34.799999,35.400002,34.75,34.799999,34.799999,223705
4/16/2019,34.75,35.75,34.75,35.150002,35.150002,393400
4/18/2019,35.200001,35.299999,33.200001,33.549999,33.549999,178458
4/22/2019,33.200001,33.849998,33,33.099998,33.099998,157764
4/23/2019,33.25,33.25,32.299999,32.349998,32.349998,105533
4/24/2019,32.5,33.900002,32.049999,33.700001,33.700001,172003
4/25/2019,33.700001,34,33.5,33.700001,33.700001,76423
4/26/2019,33.700001,34.049999,33.5,33.599998,33.599998,58613
4/30/2019,33,33.25,31.75,32.549999,32.549999,212906
5/2/2019,32.599998,33.049999,32.599998,32.900002,32.900002,84241
5/3/2019,33,33.950001,33,33.150002,33.150002,71217
5/6/2019,32.950001,33.900002,32.700001,33.700001,33.700001,101933
5/7/2019,33.700001,33.900002,33.049999,33.099998,33.099998,40832
5/8/2019,33,33.099998,32.549999,32.650002,32.650002,70496
5/9/2019,32.5,33.049999,32.5,32.799999,32.799999,45539
5/10/2019,32.75,33.25,31.799999,32,32,127380
5/13/2019,32.299999,32.5,30.799999,31,31,71180
5/14/2019,32.099998,32.5,30.799999,30.9,30.9,230938
5/15/2019,32,34.450001,30.1,30.5,30.5,785938
5/16/2019,31.4,31.4,30.6,30.75,30.75,143536
5/17/2019,31,31.1,29.85,29.9,29.9,235903
5/20/2019,31.1,31.200001,30.299999,31,31,157825
5/21/2019,31.450001,31.450001,30.049999,30.6,30.6,178673
5/22/2019,31.1,31.1,30.25,30.5,30.5,74384
5/23/2019,30.85,31.450001,30.1,30.35,30.35,129013
5/24/2019,30.25,32.75,30.25,32.349998,32.349998,250482
5/27/2019,32.650002,34,32.150002,33.799999,33.799999,310655
5/28/2019,34,36.349998,33.849998,36,36,606310
5/29/2019,38,39.549999,37.75,38.700001,38.700001,1717599
5/30/2019,38.900002,39.200001,36.5,36.849998,36.849998,330006
5/31/2019,36.849998,37.5,35.549999,36.200001,36.200001,225910
6/3/2019,36.650002,37.299999,36.200001,37,37,195162
6/4/2019,37,37,36.049999,36.25,36.25,81234
6/6/2019,37.25,37.450001,34.349998,34.900002,34.900002,430137
6/7/2019,35.150002,35.549999,32,33.200001,33.200001,622278
6/10/2019,33.200001,34,32.950001,33.700001,33.700001,168779
6/11/2019,33.700001,34.25,33.549999,33.950001,33.950001,109112
6/12/2019,34,34.400002,33.799999,34.049999,34.049999,90053
6/13/2019,34.450001,34.450001,33.599998,34.049999,34.049999,210956
6/14/2019,34.549999,35.150002,33.849998,34.099998,34.099998,331830
6/17/2019,34,34,32.950001,33.049999,33.049999,90645
6/18/2019,33.25,33.25,32.049999,32.349998,32.349998,146561
6/19/2019,32.599998,32.650002,29.4,30.049999,30.049999,263248
6/20/2019,29.5,31.950001,28.950001,31.700001,31.700001,381724
6/21/2019,32,32.799999,31.25,32.5,32.5,138589
6/24/2019,32.200001,32.799999,31.6,32,32,158239
6/25/2019,31.700001,32.25,31.15,31.950001,31.950001,35659
6/26/2019,32.200001,33.349998,31.5,33.200001,33.200001,149683
6/27/2019,33.299999,34.650002,33.099998,33.75,33.75,199608
6/28/2019,34.450001,34.450001,33.549999,33.650002,33.650002,178021
7/1/2019,34,34.200001,32.599998,33,33,289593
7/2/2019,33,34.5,32.75,34.25,34.25,221774
7/3/2019,34.25,34.450001,34.049999,34.099998,34.099998,77167
7/4/2019,34.200001,34.75,34,34.349998,34.349998,81766
7/5/2019,34.049999,35.049999,33.75,34.049999,34.049999,222709
7/8/2019,33.75,33.75,32.25,33.200001,33.200001,132258
7/9/2019,33,34.549999,32.549999,34.099998,34.099998,151206
7/10/2019,34,34.349998,33.5,33.75,33.75,106409
7/11/2019,33.950001,34.25,33.549999,34.049999,34.049999,74376
7/12/2019,33.900002,34.650002,33.349998,34.200001,34.200001,162211
7/15/2019,34,34.349998,33.650002,33.900002,33.900002,149377
7/16/2019,33.900002,34.099998,33.349998,33.5,33.5,100130
7/17/2019,33.650002,33.650002,32.25,32.549999,32.549999,153200
7/18/2019,32.650002,33,32.200001,32.299999,32.299999,117197
7/19/2019,32.400002,32.549999,31.049999,31.200001,31.200001,125729
7/22/2019,31.15,31.6,29.549999,31.4,31.4,196585
7/23/2019,31.4,31.6,30.65,30.75,30.75,104842
7/24/2019,30.5,30.950001,29.6,29.75,29.75,182548
7/25/2019,29.65,30.1,29,29.9,29.9,154548
7/26/2019,29.700001,29.9,29.1,29.25,29.25,112431
7/29/2019,29.299999,30.450001,29.25,30.200001,30.200001,118131
7/30/2019,30.450001,30.450001,29,29.200001,29.200001,87088
7/31/2019,29.6,29.6,28,29.299999,29.299999,119713
8/1/2019,29.299999,29.65,27.35,28.4,28.4,131622
8/2/2019,28.65,28.65,27.299999,27.700001,27.700001,120202
8/5/2019,27.700001,32.450001,26.549999,31.15,31.15,349507
8/6/2019,31.799999,33,30.200001,32.700001,32.700001,311188
8/7/2019,32.700001,32.75,31.6,31.799999,31.799999,74153
8/8/2019,31.549999,32.950001,31.25,32,32,78116
8/9/2019,32.200001,33,31.5,32,32,115150
8/13/2019,31.549999,32.75,29.5,30.299999,30.299999,87273
8/14/2019,30.200001,31.9,29,31.299999,31.299999,272170
8/16/2019,30.85,31.5,30.049999,30.6,30.6,69134
8/19/2019,30.25,31.1,29.5,30.25,30.25,119475
8/20/2019,30.1,30.700001,29.700001,29.75,29.75,78575
8/21/2019,29.9,29.9,28.75,28.950001,28.950001,91791
8/22/2019,29,29.1,27.549999,28.1,28.1,144051
8/23/2019,28,29,27.4,28.35,28.35,174425
8/26/2019,28.25,29.799999,28.25,29.6,29.6,83570
8/27/2019,29.200001,30.200001,29,29.75,29.75,86726
8/28/2019,29.9,29.950001,28.799999,28.950001,28.950001,64167
8/29/2019,28.5,29.200001,28.299999,28.549999,28.549999,93524
8/30/2019,28.700001,29,27.65,28,28,108061
9/3/2019,28,28.700001,27.700001,28.35,28.35,67633
9/4/2019,27.75,28.799999,27.75,28.5,28.5,60586
9/5/2019,29,29.200001,28.200001,28.5,28.5,107709
9/6/2019,28.6,30.6,28.5,30.15,30.15,236474
9/9/2019,30.65,30.950001,29.65,30.450001,30.450001,121586
9/11/2019,30.4,31.450001,30.049999,30.65,30.65,353218
9/12/2019,30.65,32.099998,30.450001,30.65,30.65,485788
9/13/2019,30.75,31.25,30.25,30.4,30.4,321978
9/16/2019,29.9,30.15,29.4,29.75,29.75,188713
9/17/2019,29.75,30.65,28.049999,28.25,28.25,388565
9/18/2019,28.549999,28.700001,27.549999,28.049999,28.049999,122174
9/19/2019,28.4,29.5,28,28.299999,28.299999,238143
9/20/2019,28.299999,29.35,28.200001,29.15,29.15,178266
9/23/2019,29.450001,30.1,29.450001,29.9,29.9,194529
9/24/2019,32.299999,35.849998,31.700001,33.950001,33.950001,3196272
9/25/2019,33.599998,34.200001,32.5,32.950001,32.950001,543603
9/26/2019,33.25,38.900002,32.900002,38.349998,38.349998,1951831
9/27/2019,38.599998,41.75,38.5,38.900002,38.900002,2468064
9/30/2019,38.799999,38.799999,34.799999,37.25,37.25,409389
10/1/2019,37,39.799999,33.400002,37.25,37.25,722771
10/3/2019,37.700001,40.5,37.299999,40.099998,40.099998,981080
10/4/2019,41,41,37.099998,37.25,37.25,747450
10/7/2019,37.099998,37.200001,34.400002,34.700001,34.700001,221598
10/9/2019,34.950001,34.950001,33.049999,34.299999,34.299999,189235
10/10/2019,34.25,38,34.049999,36.049999,36.049999,340240
10/11/2019,36.349998,36.599998,34,34.450001,34.450001,216482
10/14/2019,34.5,38.900002,34.049999,38.150002,38.150002,1834043
10/15/2019,37.5,37.799999,36.549999,37.299999,37.299999,434335
10/16/2019,37.299999,38.5,36.5,36.700001,36.700001,255570
10/17/2019,36.950001,38.049999,36.799999,37.950001,37.950001,341525
10/18/2019,37.950001,38.700001,37.25,38.299999,38.299999,251026
10/22/2019,38.400002,39.5,36.549999,37.849998,37.849998,434092
10/23/2019,36.599998,37.349998,35.700001,37,37,279310
10/24/2019,36.599998,38.5,36.599998,37.450001,37.450001,201142
10/25/2019,37.450001,37.799999,36.799999,37.5,37.5,139273
10/27/2019,null,null,null,37.5,null,null
10/29/2019,37.150002,37.799999,36.049999,37.299999,37.299999,306285
10/30/2019,37.349998,40,37.25,39.200001,39.200001,455803
10/31/2019,39.5,40.650002,39.049999,39.099998,39.099998,278079
11/1/2019,39,39.349998,38.299999,38.5,38.5,140177
11/4/2019,38.799999,40.049999,38.5,39.700001,39.700001,362038
11/5/2019,39.950001,40.299999,38.049999,38.299999,38.299999,174966
11/6/2019,38,43.849998,37.099998,39.400002,39.400002,1561283
11/7/2019,39.799999,40.349998,38.700001,39.099998,39.099998,378031
11/8/2019,38.650002,38.849998,37.349998,37.599998,37.599998,252870
11/11/2019,37.700001,38.450001,37.049999,37.799999,37.799999,157398
11/13/2019,38,38.25,36.25,36.5,36.5,145287
11/14/2019,36.599998,37.900002,35.25,37.099998,37.099998,288819
11/15/2019,37,37.900002,36.200001,36.599998,36.599998,237754
11/18/2019,36.700001,38.5,36.700001,37.75,37.75,215170
11/19/2019,37.75,40.299999,37.75,39.900002,39.900002,890774
11/20/2019,41,44.200001,40.849998,42.299999,42.299999,3634623
11/21/2019,42.099998,42.400002,39.849998,40.049999,40.049999,392766
11/22/2019,40,43.650002,39.700001,42.049999,42.049999,762407
11/25/2019,42.099998,42.400002,40.25,40.349998,40.349998,304775
11/26/2019,40.549999,41.099998,39.25,39.599998,39.599998,336100
11/27/2019,39.599998,40.349998,39.200001,39.349998,39.349998,172444
11/28/2019,39.049999,39.650002,38.849998,39.099998,39.099998,144920
11/29/2019,39,39.25,38.049999,38.150002,38.150002,252897
12/2/2019,38.5,39.599998,38.200001,38.650002,38.650002,173865
12/3/2019,38.900002,38.950001,36.900002,37.400002,37.400002,270645
12/4/2019,37.25,37.450001,36.700001,36.900002,36.900002,227504
12/5/2019,37.099998,37.75,37,37.150002,37.150002,108857
12/6/2019,37.75,38.049999,34.799999,35.5,35.5,215938
12/9/2019,35.25,38.400002,34.299999,37.75,37.75,551700
12/10/2019,37.25,37.799999,36.5,37.099998,37.099998,245007
12/11/2019,37.450001,38.599998,35.150002,35.950001,35.950001,1102020
12/12/2019,36,38,35.900002,37,37,447193
12/13/2019,37.349998,38.849998,37.049999,38.400002,38.400002,410476
12/16/2019,37.650002,39.400002,37.400002,38.150002,38.150002,374891
12/17/2019,38.150002,38.599998,37.549999,37.75,37.75,183366
12/18/2019,38.25,39.200001,37.349998,38.799999,38.799999,454743
12/19/2019,38.950001,41.25,37.849998,40.349998,40.349998,991058
12/20/2019,40.599998,42.599998,40.349998,41.099998,41.099998,850453
12/23/2019,40.400002,41.900002,40.25,41.5,41.5,321924
12/24/2019,41.5,41.5,40.349998,40.799999,40.799999,320000
12/26/2019,41,41.950001,40.799999,40.900002,40.900002,193056
12/27/2019,41.049999,43,39.900002,42.650002,42.650002,2044609
12/30/2019,43.549999,45.650002,43.049999,43.400002,43.400002,8022953
12/31/2019,43.200001,43.299999,42.5,42.599998,42.599998,1097642
1/1/2020,42.299999,43.049999,42.299999,42.75,42.75,915750
1/2/2020,42.75,42.75,42.349998,42.5,42.5,724442
1/3/2020,42.599998,42.950001,42.400002,42.549999,42.549999,498911
1/6/2020,42.400002,42.700001,42.099998,42.150002,42.150002,562859
1/7/2020,42.299999,42.599998,42.200001,42.349998,42.349998,379545
1/8/2020,42.200001,42.450001,42.099998,42.25,42.25,878826
1/9/2020,42.299999,42.75,42.299999,42.599998,42.599998,703285
1/10/2020,42.599998,43.049999,42.450001,42.5,42.5,806290
1/13/2020,42.900002,43.049999,42.5,42.950001,42.950001,681613
1/14/2020,43,43,42.549999,42.599998,42.599998,495938
1/15/2020,42.799999,42.799999,42.5,42.549999,42.549999,791072
1/16/2020,42.75,42.900002,42.549999,42.599998,42.599998,462466
1/17/2020,42.599998,42.950001,42.549999,42.650002,42.650002,409811
1/20/2020,42.75,42.849998,42.5,42.549999,42.549999,338221
1/21/2020,42.549999,42.849998,42.549999,42.599998,42.599998,240362
1/22/2020,42.099998,42.700001,42.099998,42.599998,42.599998,1605000
1/23/2020,42.549999,42.700001,42.549999,42.599998,42.599998,228336
1/24/2020,42.700001,43.450001,42.400002,42.849998,42.849998,1389084
1/27/2020,42.849998,42.950001,42.599998,42.849998,42.849998,268995
1/28/2020,43.349998,43.5,42.799999,42.799999,42.799999,1708451
1/29/2020,42.849998,43.200001,42.849998,43.099998,43.099998,812666
1/30/2020,43.400002,43.450001,43,43.049999,43.049999,889741
1/31/2020,43.299999,43.450001,43,43,43,708586
2/3/2020,43.099998,43.900002,43,43.25,43.25,890702
2/4/2020,43.450001,43.599998,43.200001,43.5,43.5,533264
2/5/2020,43.599998,44.950001,43.5,44.650002,44.650002,1030361
2/6/2020,45,45.599998,43.349998,44.299999,44.299999,2710016
2/7/2020,44.75,44.900002,43.5,43.900002,43.900002,2020697
2/10/2020,44.700001,45.049999,43.599998,43.650002,43.650002,5103253
2/11/2020,44,44.150002,43.349998,43.450001,43.450001,1606064
2/12/2020,43.599998,43.75,43.299999,43.400002,43.400002,416066
2/13/2020,43.549999,43.549999,43.200001,43.25,43.25,405005
2/14/2020,43.549999,43.75,43.25,43.400002,43.400002,654028
2/17/2020,43.25,43.599998,43.200001,43.450001,43.450001,988887
2/18/2020,43.349998,43.549999,43.299999,43.450001,43.450001,1016337
2/19/2020,43.450001,43.599998,43.200001,43.450001,43.450001,2020944
2/20/2020,43.400002,43.900002,43.349998,43.599998,43.599998,1583332
2/24/2020,43.650002,43.75,43.5,43.5,43.5,686757
2/25/2020,43.400002,43.75,43.400002,43.549999,43.549999,427775
2/26/2020,43.450001,43.75,43.400002,43.599998,43.599998,447090
2/27/2020,43.450001,43.700001,43.450001,43.5,43.5,509484
2/28/2020,43.5,43.5,42.849998,42.900002,42.900002,4311159
3/2/2020,43.049999,43.450001,43,43.400002,43.400002,1570246
3/3/2020,43.200001,43.450001,42.849998,43.299999,43.299999,1097694
3/4/2020,43.099998,43.400002,43.099998,43.349998,43.349998,1414276
3/5/2020,43.299999,43.349998,42.400002,42.799999,42.799999,871596
3/6/2020,41,41.799999,38.5,39,39,624919
3/9/2020,35.099998,38.799999,35.099998,36.150002,36.150002,525747
3/11/2020,36,37,35.099998,36.5,36.5,292952
3/12/2020,32.5,35.5,29.200001,29.200001,29.200001,638446
3/13/2020,27.1,35,24.049999,29.35,29.35,603924
3/16/2020,29,30,26.4,29.75,29.75,1372875
3/17/2020,29.5,35.400002,29.5,34.799999,34.799999,1235652
3/18/2020,35.299999,37.799999,32.25,33.5,33.5,1003167
3/19/2020,30.75,38.900002,30.049999,37.349998,37.349998,899357
3/20/2020,36.650002,41.549999,36.099998,40.599998,40.599998,1420431
3/23/2020,32.75,40.400002,32.75,38.450001,38.450001,1084181
3/24/2020,39.200001,41.400002,31.049999,32.549999,32.549999,511067
3/25/2020,32.549999,32.549999,26.049999,27.4,27.4,1319164
3/26/2020,28,31,27,28.4,28.4,532532
3/27/2020,28.65,29.950001,26,27.950001,27.950001,383433
3/30/2020,27.5,29.799999,27,28.700001,28.700001,186795
3/31/2020,31.549999,31.549999,31,31.549999,31.549999,210192
4/1/2020,32.599998,33,30,31.049999,31.049999,246118
4/3/2020,31.049999,31.4,29.1,29.799999,29.799999,150809
4/7/2020,30.1,31,29.950001,30.25,30.25,218315
4/8/2020,31.9,32.950001,31.049999,31.5,31.5,347429
4/9/2020,34.650002,34.650002,31.75,32.099998,32.099998,242407
4/13/2020,32.099998,32.599998,30.25,30.450001,30.450001,240428
4/15/2020,30.6,31.200001,30.5,31,31,804867
4/16/2020,30.950001,31,30.1,30.35,30.35,604913
4/17/2020,32.400002,32.400002,30.75,30.950001,30.950001,609343
4/20/2020,31.299999,31.5,30.4,30.9,30.9,196227
4/21/2020,30.049999,30.200001,27.950001,28.85,28.85,288747
4/22/2020,30.5,30.9,29.450001,30.1,30.1,271436
4/23/2020,30,30.950001,29.950001,30.6,30.6,159919
4/24/2020,30.4,30.65,30.1,30.35,30.35,192778
4/27/2020,30.6,30.9,30.35,30.6,30.6,149452
4/28/2020,30.75,31,30.1,30.25,30.25,238274
4/29/2020,30.549999,30.700001,29.9,30.15,30.15,326496
4/30/2020,30.35,30.75,29.799999,29.950001,29.950001,239499
5/4/2020,29.5,29.5,28.200001,28.9,28.9,269611
5/5/2020,29,29.75,28.6,28.75,28.75,155991
5/6/2020,28.700001,28.75,28.1,28.35,28.35,63454
5/7/2020,28.1,28.549999,27.5,27.700001,27.700001,142595
5/8/2020,28.049999,29.950001,27.75,29.6,29.6,261077
5/11/2020,30.200001,30.9,27.1,27.4,27.4,799989
5/12/2020,26.299999,26.299999,24.700001,25.049999,25.049999,707665
5/13/2020,26.200001,26.299999,25.200001,26,26,367770
5/14/2020,25.1,27.35,24.549999,26.200001,26.200001,512808
5/15/2020,26.200001,27.15,26.200001,26.700001,26.700001,692282
5/18/2020,27.4,27.5,25.5,25.75,25.75,220934
5/19/2020,26,26.799999,25.65,26.15,26.15,215596
5/20/2020,26,26.799999,26,26.25,26.25,129768
5/21/2020,26.299999,27.4,26.1,26.75,26.75,147234
5/22/2020,26.75,26.75,25.799999,26.1,26.1,105542
5/26/2020,26.200001,26.75,25.799999,26.049999,26.049999,92733
5/27/2020,26,26.299999,25.35,25.799999,25.799999,165255
5/28/2020,25.9,27.200001,25.85,26.299999,26.299999,133733
5/29/2020,26.299999,26.549999,25.049999,25.9,25.9,131607
6/1/2020,26.450001,27.450001,26.049999,27.25,27.25,248269
6/2/2020,27.5,28.9,27.049999,28.4,28.4,380296
6/3/2020,28.700001,29.450001,28.700001,28.950001,28.950001,239483
6/4/2020,29.549999,29.549999,28.049999,28.450001,28.450001,101133
6/5/2020,29.5,32.400002,29.1,31.450001,31.450001,1885826
6/8/2020,31.549999,33.549999,30.200001,30.700001,30.700001,841347
6/9/2020,31.049999,31.35,29.4,30.1,30.1,342852
6/10/2020,30.85,30.85,29.9,30.200001,30.200001,289263
6/11/2020,30.200001,30.5,28.25,28.799999,28.799999,371682
6/12/2020,28.299999,29.5,27.299999,29.1,29.1,312209
6/15/2020,28.799999,30.299999,28.65,29.65,29.65,532277
6/16/2020,30.450001,30.5,28.1,28.799999,28.799999,294668
6/17/2020,28.799999,29.4,28.6,28.700001,28.700001,394543
6/18/2020,28.4,29.450001,28.4,29,29,500209
6/19/2020,29,31.1,28.950001,30.1,30.1,744627
6/22/2020,30.049999,30.9,29.6,30.700001,30.700001,474093
6/23/2020,30.700001,32.400002,30.700001,31.6,31.6,519435
6/24/2020,31.700001,32.599998,30.049999,30.25,30.25,691418
6/25/2020,30.25,32.099998,29.9,31.5,31.5,553217
6/26/2020,31.75,32.349998,30.75,31,31,453516
6/29/2020,30.799999,30.85,29.5,29.75,29.75,545029
6/30/2020,30.049999,30.75,29.200001,29.4,29.4,749335
7/1/2020,29.6,29.65,28.85,29.049999,29.049999,209785
7/2/2020,29.450001,29.700001,28.85,28.950001,28.950001,274880
7/3/2020,28.950001,29.9,28.950001,29.4,29.4,287060
7/6/2020,30.299999,31.85,30,30.65,30.65,586190
7/7/2020,30.9,32.450001,30.049999,31.700001,31.700001,857410
7/8/2020,32.049999,34.450001,32.049999,32.549999,32.549999,1793588
7/9/2020,33.450001,34,32.700001,32.900002,32.900002,667867
7/10/2020,32.400002,32.599998,31.299999,31.549999,31.549999,368749
7/13/2020,31.799999,33,31.049999,31.15,31.15,582885
7/14/2020,30.950001,31,29.85,30.1,30.1,392878
7/15/2020,30.25,30.700001,29.5,29.65,29.65,425016
7/16/2020,29.700001,30.5,29.5,29.799999,29.799999,350867
7/17/2020,29.6,30.85,29.6,30.4,30.4,248518
7/20/2020,30.6,31.5,30.299999,31,31,474256
7/21/2020,31.1,31.700001,30.5,30.85,30.85,587141
7/22/2020,30.85,31.25,30.35,30.5,30.5,285872
7/23/2020,30.9,31.4,30.5,30.700001,30.700001,493334
7/24/2020,30.450001,30.799999,30.15,30.25,30.25,283244
7/27/2020,30,30.700001,29.700001,29.799999,29.799999,475752
7/28/2020,30,30.25,29.5,29.65,29.65,368109
7/29/2020,29.799999,33.849998,29.65,31.75,31.75,2299090
7/30/2020,31.799999,32,30,30.25,30.25,1137045
7/31/2020,30.200001,30.5,29.4,29.549999,29.549999,461283
8/3/2020,29.299999,29.5,28.799999,28.9,28.9,343976
8/4/2020,29.1,29.25,28.75,28.950001,28.950001,470726
8/5/2020,29,29.950001,28.950001,29.049999,29.049999,488315
8/6/2020,29.200001,29.65,28.950001,29.1,29.1,528858
8/7/2020,29.200001,30.15,29.049999,29.4,29.4,685399
8/10/2020,29.700001,30.4,29.4,29.799999,29.799999,716481
8/11/2020,29.85,30.85,29.700001,30.450001,30.450001,671797
8/12/2020,30.200001,32.549999,30.200001,32.25,32.25,1129660
8/13/2020,32.450001,32.799999,31.15,31.6,31.6,814948
8/14/2020,31.799999,32.400002,30.85,31,31,640615
8/17/2020,30.85,31.9,30.799999,31.65,31.65,657563
8/18/2020,31.5,32.900002,31.5,32.299999,32.299999,474733
8/19/2020,32.700001,34.25,32.599998,33.599998,33.599998,867858
8/20/2020,32.400002,36.75,32.299999,36.200001,36.200001,1994719
8/21/2020,36.849998,39,35.400002,36.349998,36.349998,2491185
8/24/2020,36.5,37.200001,34.549999,34.75,34.75,624897
8/25/2020,34.799999,36.299999,34.25,34.799999,34.799999,718465
8/26/2020,35,35.599998,33.599998,34,34,614758
8/27/2020,34.200001,34.75,33.599998,33.75,33.75,428420
8/28/2020,34.049999,34.349998,32.450001,32.900002,32.900002,490528
8/31/2020,32.900002,33.900002,31.25,31.5,31.5,429871
9/1/2020,31.15,32.5,30.549999,31,31,414809
9/2/2020,31.450001,32.150002,30.549999,31.799999,31.799999,184061
9/3/2020,32.150002,32.799999,31.299999,32.400002,32.400002,383858
9/4/2020,32,32.400002,31.4,31.65,31.65,360342
9/7/2020,31.1,32,30.299999,30.65,30.65,559830
9/8/2020,30.799999,32.400002,30.549999,31.1,31.1,408345
9/9/2020,31,31,29.700001,30.200001,30.200001,307235
9/10/2020,30.6,32.400002,30.35,31.9,31.9,402227
9/11/2020,31.6,31.9,30.799999,31.049999,31.049999,268632
9/14/2020,31.25,33.150002,31.25,32.349998,32.349998,585556
9/15/2020,32.5,33.349998,31.65,31.9,31.9,254668
9/16/2020,31.9,32.349998,31.200001,31.450001,31.450001,158859
9/17/2020,31.200001,34.400002,31.200001,33.700001,33.700001,703117
9/18/2020,34.049999,34.75,32.700001,33.099998,33.099998,596607
9/21/2020,33.950001,34.650002,33,33.299999,33.299999,617590
9/22/2020,33.299999,33.700001,31,33,33,545093
9/23/2020,33.349998,35.849998,33.25,34.049999,34.049999,838064
9/24/2020,33.799999,34.349998,33,33.900002,33.900002,293007
9/25/2020,34.200001,34.25,33.25,33.450001,33.450001,165679
9/28/2020,33.700001,34.400002,33.150002,33.400002,33.400002,247553
9/29/2020,33.400002,35.849998,33,35.349998,35.349998,1277802
9/30/2020,35.799999,36.299999,34.599998,35.700001,35.700001,656883
10/1/2020,35.599998,38.75,35.599998,38.099998,38.099998,2897583
10/5/2020,38.5,40.5,38.150002,39.5,39.5,1578220
10/6/2020,39.849998,39.849998,37.150002,37.799999,37.799999,677009
10/7/2020,37.25,37.900002,35.650002,36,36,359904
10/8/2020,36.150002,36.75,35.099998,36.049999,36.049999,445823
10/9/2020,36.349998,39.900002,35.950001,38.849998,38.849998,841617
10/12/2020,39.799999,41.099998,35.700001,36.599998,36.599998,3107343
10/13/2020,36.900002,37.650002,36.200001,37.099998,37.099998,361401
10/14/2020,37.150002,37.400002,36.299999,36.950001,36.950001,230011
10/15/2020,37.650002,37.650002,35.200001,35.650002,35.650002,257118
10/16/2020,36,36.25,35.099998,35.349998,35.349998,206443
10/19/2020,35.5,36.099998,35.200001,35.450001,35.450001,269859
10/20/2020,35.450001,38.200001,35.400002,37.700001,37.700001,499132
10/21/2020,38,38.299999,36.400002,36.799999,36.799999,362826
10/22/2020,36.900002,37.099998,36.049999,36.400002,36.400002,152267
10/23/2020,36.400002,37.650002,36.049999,36.700001,36.700001,297668
10/26/2020,36.950001,39.900002,36.549999,38.950001,38.950001,769622
10/27/2020,40.900002,42,39.25,39.950001,39.950001,4076086
10/28/2020,39.299999,40.700001,37.799999,38.200001,38.200001,1491105
10/29/2020,37.299999,38.400002,36.450001,36.700001,36.700001,584419
10/30/2020,36.5,37.099998,35.200001,35.349998,35.349998,622915
11/2/2020,35.650002,35.900002,34.849998,35.150002,35.150002,248124
11/3/2020,34.75,35.700001,34.5,34.799999,34.799999,243282
11/4/2020,35.349998,36.5,35.049999,35.75,35.75,423306
11/5/2020,35.950001,36.700001,35.599998,35.799999,35.799999,223473
11/6/2020,35.400002,36.25,35.400002,35.650002,35.650002,162157
11/9/2020,36.849998,36.849998,35.549999,35.700001,35.700001,216789
11/10/2020,36.400002,40.950001,35.900002,38.049999,38.049999,2691828
11/11/2020,39.150002,40.349998,38.299999,39.549999,39.549999,1338207
11/12/2020,39.049999,45.450001,38.849998,41.900002,41.900002,4025626
11/13/2020,42.099998,46.5,41.650002,45.650002,45.650002,2564891
11/14/2020,null,null,null,45.650002,null,null
11/17/2020,59,59.799999,54.75,59.700001,59.700001,9657895
11/18/2020,61,61.450001,56.099998,57.299999,57.299999,3797356
11/19/2020,58.049999,63,58.049999,62.299999,62.299999,8257596
11/20/2020,64.5,67.349998,63.25,64.300003,64.300003,5359539
11/23/2020,66,66.400002,58.349998,58.75,58.75,3098136
11/24/2020,59,59.349998,54.099998,55.450001,55.450001,3234980
11/25/2020,56,60.950001,55.549999,60.650002,60.650002,6510279
11/26/2020,62,64,59.099998,61.549999,61.549999,5736694
11/27/2020,62,62.299999,57.849998,58,58,2799878
12/1/2020,58.299999,61.349998,55.549999,55.950001,55.950001,3697129
12/2/2020,56.099998,57.5,54.700001,55.150002,55.150002,3174614
12/3/2020,56.299999,59.450001,56,58.650002,58.650002,3753461
12/4/2020,59,59.700001,56.400002,57.700001,57.700001,3189302
12/7/2020,59,61.75,58,61.150002,61.150002,5201529
12/8/2020,61.75,62.599998,58.5,58.950001,58.950001,2696357
12/9/2020,59.450001,60.799999,57.75,58,58,2390714
12/10/2020,58.200001,62,55.799999,61.25,61.25,14303325
12/11/2020,64.75,70,63.5,64.900002,64.900002,18785155
12/14/2020,66.400002,66.400002,60.700001,61.25,61.25,5632789
12/15/2020,60.049999,61,58.650002,58.950001,58.950001,5534348
12/16/2020,59.5,61.450001,58.450001,58.849998,58.849998,4335854
12/17/2020,59.450001,60.5,57.599998,57.950001,57.950001,4108277
12/18/2020,57.900002,58.5,55.599998,56.150002,56.150002,4868683
12/21/2020,55.5,56.799999,49.150002,52.150002,52.150002,4430092
12/22/2020,52.099998,53.849998,49.099998,50.950001,50.950001,4011960
12/23/2020,51.599998,53.599998,51.599998,53,53,4223539
12/24/2020,53.599998,54.900002,51.5,52.150002,52.150002,2558056
12/28/2020,52.25,59,51.549999,58.599998,58.599998,14263425
12/29/2020,59.299999,67,57.450001,66.199997,66.199997,48093583
12/30/2020,67,71.25,62.099998,69.449997,69.449997,43512696
12/31/2020,67.800003,69.5,65.900002,66.400002,66.400002,14304694
1/1/2021,66.449997,66.849998,64,64.699997,64.699997,4427039
1/4/2021,65.900002,66.400002,61.549999,62.700001,62.700001,6840660
1/5/2021,62,63.799999,59.799999,61.700001,61.700001,8054040
1/6/2021,61.950001,62.299999,58.5,59.799999,59.799999,3857667
1/7/2021,60.400002,62.5,60.099998,60.549999,60.549999,3674946
